Czas_Rejestracji;Liczba_Wolnych_Miejsc;Liczba_Poj_Wjezdzajacych;Liczba_Poj_Wyjezdzajacych;Nazwa
2016-11-27 00:00:00.023;224;0;1;Nowy Targ
2016-11-27 00:00:01.157;52;0;1;ul. św. Antoniego
2016-11-27 00:00:01.513;780;0;0;Parking Hala Stulecia
2016-11-27 00:01:34.550;554;0;0;Renoma
2016-11-27 00:05:00.017;225;0;1;Nowy Targ
2016-11-27 00:05:01.377;780;0;0;Parking Hala Stulecia
2016-11-27 00:05:01.727;52;1;1;ul. św. Antoniego
2016-11-27 00:10:00.020;226;0;1;Nowy Targ
2016-11-27 00:10:01.623;52;0;0;ul. św. Antoniego
2016-11-27 00:10:02.247;780;0;0;Parking Hala Stulecia
2016-11-27 00:11:34.537;524;0;0;Renoma
2016-11-27 00:15:00.013;227;0;1;Nowy Targ
2016-11-27 00:15:01.397;54;0;1;ul. św. Antoniego
2016-11-27 00:15:02.050;780;0;0;Parking Hala Stulecia
2016-11-27 00:20:00.020;230;0;3;Nowy Targ
2016-11-27 00:20:01.160;58;0;2;ul. św. Antoniego
2016-11-27 00:20:01.763;780;0;0;Parking Hala Stulecia
2016-11-27 00:21:34.553;514;0;0;Renoma
2016-11-27 00:25:00.017;232;0;2;Nowy Targ
2016-11-27 00:25:01.317;781;0;1;Parking Hala Stulecia
2016-11-27 00:25:02.050;58;0;0;ul. św. Antoniego
2016-11-27 00:30:00.017;233;0;1;Nowy Targ
2016-11-27 00:30:01.853;58;0;0;ul. św. Antoniego
2016-11-27 00:30:02.140;781;0;0;Parking Hala Stulecia
2016-11-27 00:31:34.287;463;0;0;Renoma
2016-11-27 00:35:00.033;234;0;1;Nowy Targ
2016-11-27 00:35:01.613;58;1;1;ul. św. Antoniego
2016-11-27 00:35:01.980;782;0;1;Parking Hala Stulecia
2016-11-27 00:40:00.017;234;0;0;Nowy Targ
2016-11-27 00:40:01.483;58;0;0;ul. św. Antoniego
2016-11-27 00:40:01.827;782;0;0;Parking Hala Stulecia
2016-11-27 00:41:33.987;528;0;0;Renoma
2016-11-27 00:45:00.017;235;0;1;Nowy Targ
2016-11-27 00:45:01.240;58;1;1;ul. św. Antoniego
2016-11-27 00:45:01.547;782;0;0;Parking Hala Stulecia
2016-11-27 00:50:00.017;236;0;1;Nowy Targ
2016-11-27 00:50:01.367;782;0;0;Parking Hala Stulecia
2016-11-27 00:50:02.103;60;0;1;ul. św. Antoniego
2016-11-27 00:51:33.673;512;0;0;Renoma
2016-11-27 00:55:00.013;236;0;0;Nowy Targ
2016-11-27 00:55:01.900;60;0;0;ul. św. Antoniego
2016-11-27 00:55:02.183;782;0;0;Parking Hala Stulecia
2016-11-27 01:00:00.057;236;0;0;Nowy Targ
2016-11-27 01:00:01.753;60;0;0;ul. św. Antoniego
2016-11-27 01:00:02.147;781;1;0;Parking Hala Stulecia
2016-11-27 01:01:33.053;477;0;0;Renoma
2016-11-27 01:05:00.017;238;0;2;Nowy Targ
2016-11-27 01:05:01.717;60;0;0;ul. św. Antoniego
2016-11-27 01:05:02.210;781;0;0;Parking Hala Stulecia
2016-11-27 01:10:00.020;238;0;0;Nowy Targ
2016-11-27 01:10:01.590;60;0;0;ul. św. Antoniego
2016-11-27 01:10:03.467;782;0;1;Parking Hala Stulecia
2016-11-27 01:11:32.857;544;0;0;Renoma
2016-11-27 01:15:00.017;238;0;0;Nowy Targ
2016-11-27 01:15:01.267;782;0;0;Parking Hala Stulecia
2016-11-27 01:15:01.397;58;1;0;ul. św. Antoniego
2016-11-27 01:20:00.017;238;0;0;Nowy Targ
2016-11-27 01:20:01.203;58;0;0;ul. św. Antoniego
2016-11-27 01:20:01.967;782;0;0;Parking Hala Stulecia
2016-11-27 01:21:32.500;481;0;0;Renoma
2016-11-27 01:25:00.017;239;0;1;Nowy Targ
2016-11-27 01:25:01.853;782;0;0;Parking Hala Stulecia
2016-11-27 01:25:02.023;60;0;1;ul. św. Antoniego
2016-11-27 01:30:00.020;240;0;1;Nowy Targ
2016-11-27 01:30:01.620;782;0;0;Parking Hala Stulecia
2016-11-27 01:30:01.947;62;0;1;ul. św. Antoniego
2016-11-27 01:31:32.510;519;0;0;Renoma
2016-11-27 01:35:00.020;241;0;1;Nowy Targ
2016-11-27 01:35:01.413;782;0;0;Parking Hala Stulecia
2016-11-27 01:35:01.827;64;0;1;ul. św. Antoniego
2016-11-27 01:40:00.017;242;0;1;Nowy Targ
2016-11-27 01:40:01.777;64;0;0;ul. św. Antoniego
2016-11-27 01:40:02.200;782;0;0;Parking Hala Stulecia
2016-11-27 01:41:32.377;539;0;0;Renoma
2016-11-27 01:45:00.017;241;1;0;Nowy Targ
2016-11-27 01:45:01.647;66;0;1;ul. św. Antoniego
2016-11-27 01:45:01.910;783;0;1;Parking Hala Stulecia
2016-11-27 01:50:00.017;242;0;1;Nowy Targ
2016-11-27 01:50:01.577;66;0;0;ul. św. Antoniego
2016-11-27 01:50:01.833;783;0;0;Parking Hala Stulecia
2016-11-27 01:51:32.447;551;0;0;Renoma
2016-11-27 01:55:00.017;244;0;2;Nowy Targ
2016-11-27 01:55:01.453;66;0;0;ul. św. Antoniego
2016-11-27 01:55:01.777;783;0;0;Parking Hala Stulecia
2016-11-27 02:00:00.017;244;0;0;Nowy Targ
2016-11-27 02:00:01.267;66;0;0;ul. św. Antoniego
2016-11-27 02:00:01.607;783;0;0;Parking Hala Stulecia
2016-11-27 02:01:32.440;463;0;0;Renoma
2016-11-27 02:05:00.013;244;0;0;Nowy Targ
2016-11-27 02:05:01.440;784;0;1;Parking Hala Stulecia
2016-11-27 02:05:02.097;66;0;0;ul. św. Antoniego
2016-11-27 02:10:00.017;245;0;1;Nowy Targ
2016-11-27 02:10:01.303;785;0;1;Parking Hala Stulecia
2016-11-27 02:10:01.940;68;0;1;ul. św. Antoniego
2016-11-27 02:11:32.507;468;0;0;Renoma
2016-11-27 02:15:00.020;245;0;0;Nowy Targ
2016-11-27 02:15:01.793;68;0;0;ul. św. Antoniego
2016-11-27 02:15:02.150;785;0;0;Parking Hala Stulecia
2016-11-27 02:20:00.017;246;0;1;Nowy Targ
2016-11-27 02:20:01.153;70;0;1;ul. św. Antoniego
2016-11-27 02:20:01.967;785;0;0;Parking Hala Stulecia
2016-11-27 02:21:32.460;485;0;0;Renoma
2016-11-27 02:25:00.017;246;1;1;Nowy Targ
2016-11-27 02:25:01.620;785;0;0;Parking Hala Stulecia
2016-11-27 02:25:02.047;74;0;2;ul. św. Antoniego
2016-11-27 02:30:00.020;246;0;0;Nowy Targ
2016-11-27 02:30:01.357;785;0;0;Parking Hala Stulecia
2016-11-27 02:30:02.017;74;0;0;ul. św. Antoniego
2016-11-27 02:31:32.467;492;0;0;Renoma
2016-11-27 02:35:00.017;245;1;0;Nowy Targ
2016-11-27 02:35:01.900;74;0;0;ul. św. Antoniego
2016-11-27 02:35:02.133;785;0;0;Parking Hala Stulecia
2016-11-27 02:40:00.020;248;0;3;Nowy Targ
2016-11-27 02:40:01.817;76;0;1;ul. św. Antoniego
2016-11-27 02:40:01.907;785;0;0;Parking Hala Stulecia
2016-11-27 02:41:32.517;545;0;0;Renoma
2016-11-27 02:45:00.017;248;0;0;Nowy Targ
2016-11-27 02:45:01.533;785;0;0;Parking Hala Stulecia
2016-11-27 02:45:01.793;76;0;0;ul. św. Antoniego
2016-11-27 02:50:00.020;248;0;0;Nowy Targ
2016-11-27 02:50:01.243;786;0;1;Parking Hala Stulecia
2016-11-27 02:50:01.563;78;0;1;ul. św. Antoniego
2016-11-27 02:51:32.390;469;0;0;Renoma
2016-11-27 02:55:00.020;248;0;0;Nowy Targ
2016-11-27 02:55:01.370;80;0;1;ul. św. Antoniego
2016-11-27 02:55:02.223;786;0;0;Parking Hala Stulecia
2016-11-27 03:00:00.017;248;0;0;Nowy Targ
2016-11-27 03:00:01.227;80;0;0;ul. św. Antoniego
2016-11-27 03:00:01.917;786;0;0;Parking Hala Stulecia
2016-11-27 03:01:32.467;510;0;0;Renoma
2016-11-27 03:05:00.023;248;0;0;Nowy Targ
2016-11-27 03:05:01.897;786;0;0;Parking Hala Stulecia
2016-11-27 03:05:02.030;80;0;0;ul. św. Antoniego
2016-11-27 03:10:00.023;248;0;0;Nowy Targ
2016-11-27 03:10:01.570;786;0;0;Parking Hala Stulecia
2016-11-27 03:10:01.813;80;0;0;ul. św. Antoniego
2016-11-27 03:11:32.507;482;0;0;Renoma
2016-11-27 03:15:00.013;248;0;0;Nowy Targ
2016-11-27 03:15:01.550;786;0;0;Parking Hala Stulecia
2016-11-27 03:15:01.790;80;0;0;ul. św. Antoniego
2016-11-27 03:20:00.020;249;0;1;Nowy Targ
2016-11-27 03:20:01.713;82;0;1;ul. św. Antoniego
2016-11-27 03:20:02.207;786;0;0;Parking Hala Stulecia
2016-11-27 03:21:32.480;487;0;0;Renoma
2016-11-27 03:25:00.017;249;0;0;Nowy Targ
2016-11-27 03:25:01.657;84;0;1;ul. św. Antoniego
2016-11-27 03:25:01.973;786;0;0;Parking Hala Stulecia
2016-11-27 03:30:00.023;249;0;0;Nowy Targ
2016-11-27 03:30:01.467;86;0;1;ul. św. Antoniego
2016-11-27 03:30:01.847;786;0;0;Parking Hala Stulecia
2016-11-27 03:31:32.450;514;0;0;Renoma
2016-11-27 03:35:00.013;250;0;1;Nowy Targ
2016-11-27 03:35:01.477;86;0;0;ul. św. Antoniego
2016-11-27 03:35:01.763;786;0;0;Parking Hala Stulecia
2016-11-27 03:40:00.017;251;0;1;Nowy Targ
2016-11-27 03:40:01.207;88;0;1;ul. św. Antoniego
2016-11-27 03:40:01.527;786;0;0;Parking Hala Stulecia
2016-11-27 03:41:32.557;469;0;0;Renoma
2016-11-27 03:45:00.017;252;0;1;Nowy Targ
2016-11-27 03:45:01.210;786;0;0;Parking Hala Stulecia
2016-11-27 03:45:01.350;88;0;0;ul. św. Antoniego
2016-11-27 03:50:00.020;253;0;1;Nowy Targ
2016-11-27 03:50:01.170;88;0;0;ul. św. Antoniego
2016-11-27 03:50:01.833;786;0;0;Parking Hala Stulecia
2016-11-27 03:51:32.577;485;0;0;Renoma
2016-11-27 03:55:00.017;253;0;0;Nowy Targ
2016-11-27 03:55:01.497;786;0;0;Parking Hala Stulecia
2016-11-27 03:55:01.983;88;0;0;ul. św. Antoniego
2016-11-27 04:00:00.017;253;0;0;Nowy Targ
2016-11-27 04:00:01.723;90;0;1;ul. św. Antoniego
2016-11-27 04:00:02.187;786;0;0;Parking Hala Stulecia
2016-11-27 04:01:32.403;533;0;0;Renoma
2016-11-27 04:05:00.017;253;0;0;Nowy Targ
2016-11-27 04:05:01.520;90;0;0;ul. św. Antoniego
2016-11-27 04:05:01.883;786;0;0;Parking Hala Stulecia
2016-11-27 04:10:00.017;259;0;0;Nowy Targ
2016-11-27 04:10:01.317;90;0;0;ul. św. Antoniego
2016-11-27 04:10:01.583;787;0;1;Parking Hala Stulecia
2016-11-27 04:11:32.427;490;0;0;Renoma
2016-11-27 04:15:00.013;259;0;0;Nowy Targ
2016-11-27 04:15:01.183;90;0;0;ul. św. Antoniego
2016-11-27 04:15:01.510;787;0;0;Parking Hala Stulecia
2016-11-27 04:20:00.017;260;1;2;Nowy Targ
2016-11-27 04:20:01.570;787;0;0;Parking Hala Stulecia
2016-11-27 04:20:02.030;92;0;1;ul. św. Antoniego
2016-11-27 04:21:32.567;456;0;0;Renoma
2016-11-27 04:25:00.020;261;0;1;Nowy Targ
2016-11-27 04:25:01.303;786;1;0;Parking Hala Stulecia
2016-11-27 04:25:01.880;92;0;0;ul. św. Antoniego
2016-11-27 04:30:00.017;261;0;0;Nowy Targ
2016-11-27 04:30:01.697;92;0;0;ul. św. Antoniego
2016-11-27 04:30:02.163;787;0;1;Parking Hala Stulecia
2016-11-27 04:31:32.397;535;0;0;Renoma
2016-11-27 04:35:00.017;261;0;0;Nowy Targ
2016-11-27 04:35:01.617;92;0;0;ul. św. Antoniego
2016-11-27 04:35:02.147;787;0;0;Parking Hala Stulecia
2016-11-27 04:40:00.027;261;0;0;Nowy Targ
2016-11-27 04:40:01.743;92;0;0;ul. św. Antoniego
2016-11-27 04:40:01.923;787;0;0;Parking Hala Stulecia
2016-11-27 04:41:32.400;552;0;0;Renoma
2016-11-27 04:45:00.017;261;0;0;Nowy Targ
2016-11-27 04:45:01.623;94;0;1;ul. św. Antoniego
2016-11-27 04:45:01.990;787;0;0;Parking Hala Stulecia
2016-11-27 04:50:00.017;261;0;0;Nowy Targ
2016-11-27 04:50:01.397;94;0;0;ul. św. Antoniego
2016-11-27 04:50:01.737;787;0;0;Parking Hala Stulecia
2016-11-27 04:51:32.603;497;0;0;Renoma
2016-11-27 04:55:00.017;261;0;0;Nowy Targ
2016-11-27 04:55:01.283;787;0;0;Parking Hala Stulecia
2016-11-27 04:55:01.543;94;0;0;ul. św. Antoniego
2016-11-27 05:00:00.017;261;0;0;Nowy Targ
2016-11-27 05:00:01.547;96;0;1;ul. św. Antoniego
2016-11-27 05:00:01.923;787;0;0;Parking Hala Stulecia
2016-11-27 05:01:32.517;527;0;0;Renoma
2016-11-27 05:05:00.017;261;0;0;Nowy Targ
2016-11-27 05:05:01.283;787;1;1;Parking Hala Stulecia
2016-11-27 05:05:01.760;96;0;0;ul. św. Antoniego
2016-11-27 05:10:00.017;261;0;0;Nowy Targ
2016-11-27 05:10:01.337;787;0;0;Parking Hala Stulecia
2016-11-27 05:10:01.883;96;0;0;ul. św. Antoniego
2016-11-27 05:11:32.427;494;0;0;Renoma
2016-11-27 05:15:00.013;261;0;0;Nowy Targ
2016-11-27 05:15:01.783;96;0;0;ul. św. Antoniego
2016-11-27 05:15:02.037;787;0;0;Parking Hala Stulecia
2016-11-27 05:20:00.017;262;0;1;Nowy Targ
2016-11-27 05:20:01.617;787;0;0;Parking Hala Stulecia
2016-11-27 05:20:01.857;96;0;0;ul. św. Antoniego
2016-11-27 05:21:32.430;547;0;0;Renoma
2016-11-27 05:25:00.013;262;0;0;Nowy Targ
2016-11-27 05:25:01.317;787;0;0;Parking Hala Stulecia
2016-11-27 05:25:01.677;96;0;0;ul. św. Antoniego
2016-11-27 05:30:00.017;262;0;0;Nowy Targ
2016-11-27 05:30:01.513;97;0;1;ul. św. Antoniego
2016-11-27 05:30:02.040;787;0;0;Parking Hala Stulecia
2016-11-27 05:31:32.540;524;0;0;Renoma
2016-11-27 05:35:00.013;262;0;0;Nowy Targ
2016-11-27 05:35:01.490;97;0;0;ul. św. Antoniego
2016-11-27 05:35:01.833;787;0;0;Parking Hala Stulecia
2016-11-27 05:40:00.017;262;0;0;Nowy Targ
2016-11-27 05:40:01.307;97;0;0;ul. św. Antoniego
2016-11-27 05:40:01.703;787;0;0;Parking Hala Stulecia
2016-11-27 05:41:32.460;535;0;0;Renoma
2016-11-27 05:45:00.017;262;0;0;Nowy Targ
2016-11-27 05:45:01.487;787;0;0;Parking Hala Stulecia
2016-11-27 05:45:02.127;97;0;0;ul. św. Antoniego
2016-11-27 05:50:00.010;262;0;0;Nowy Targ
2016-11-27 05:50:01.207;97;0;0;ul. św. Antoniego
2016-11-27 05:50:01.597;787;0;0;Parking Hala Stulecia
2016-11-27 05:51:32.427;485;0;0;Renoma
2016-11-27 05:55:00.013;262;0;0;Nowy Targ
2016-11-27 05:55:01.347;97;0;0;ul. św. Antoniego
2016-11-27 05:55:01.837;787;0;0;Parking Hala Stulecia
2016-11-27 06:00:00.020;262;0;0;Nowy Targ
2016-11-27 06:00:01.277;97;0;0;ul. św. Antoniego
2016-11-27 06:00:01.903;787;0;0;Parking Hala Stulecia
2016-11-27 06:01:32.493;456;0;0;Renoma
2016-11-27 06:05:00.013;262;0;0;Nowy Targ
2016-11-27 06:05:01.337;97;0;0;ul. św. Antoniego
2016-11-27 06:05:02.237;787;0;0;Parking Hala Stulecia
2016-11-27 06:10:00.023;262;0;0;Nowy Targ
2016-11-27 06:10:01.220;97;0;0;ul. św. Antoniego
2016-11-27 06:10:01.880;787;0;0;Parking Hala Stulecia
2016-11-27 06:11:32.457;468;0;0;Renoma
2016-11-27 06:15:00.013;262;0;0;Nowy Targ
2016-11-27 06:15:01.617;787;0;0;Parking Hala Stulecia
2016-11-27 06:15:02.050;97;0;0;ul. św. Antoniego
2016-11-27 06:20:00.020;262;0;0;Nowy Targ
2016-11-27 06:20:01.437;97;0;0;ul. św. Antoniego
2016-11-27 06:20:01.737;787;0;0;Parking Hala Stulecia
2016-11-27 06:21:21.120;505;0;0;Renoma
2016-11-27 06:25:00.013;262;0;0;Nowy Targ
2016-11-27 06:25:01.227;787;0;0;Parking Hala Stulecia
2016-11-27 06:25:01.627;97;0;0;ul. św. Antoniego
2016-11-27 06:30:00.013;262;0;0;Nowy Targ
2016-11-27 06:30:01.747;97;0;0;ul. św. Antoniego
2016-11-27 06:30:02.120;787;0;0;Parking Hala Stulecia
2016-11-27 06:31:20.937;501;0;0;Renoma
2016-11-27 06:35:00.013;263;0;1;Nowy Targ
2016-11-27 06:35:01.427;787;0;0;Parking Hala Stulecia
2016-11-27 06:35:01.877;97;0;0;ul. św. Antoniego
2016-11-27 06:40:00.020;263;0;0;Nowy Targ
2016-11-27 06:40:01.377;787;0;0;Parking Hala Stulecia
2016-11-27 06:40:01.997;97;0;0;ul. św. Antoniego
2016-11-27 06:41:20.440;511;0;0;Renoma
2016-11-27 06:45:00.013;263;0;0;Nowy Targ
2016-11-27 06:45:01.367;787;0;0;Parking Hala Stulecia
2016-11-27 06:45:02.153;97;0;0;ul. św. Antoniego
2016-11-27 06:50:00.020;263;0;0;Nowy Targ
2016-11-27 06:50:01.547;787;0;0;Parking Hala Stulecia
2016-11-27 06:50:02.097;97;0;0;ul. św. Antoniego
2016-11-27 06:51:19.723;460;0;0;Renoma
2016-11-27 06:55:00.017;263;1;1;Nowy Targ
2016-11-27 06:55:01.437;97;0;0;ul. św. Antoniego
2016-11-27 06:55:01.710;787;0;0;Parking Hala Stulecia
2016-11-27 07:00:00.020;263;0;0;Nowy Targ
2016-11-27 07:00:01.460;97;0;0;ul. św. Antoniego
2016-11-27 07:00:02.170;787;0;0;Parking Hala Stulecia
2016-11-27 07:01:19.600;465;0;0;Renoma
2016-11-27 07:05:00.017;263;0;0;Nowy Targ
2016-11-27 07:05:01.273;97;0;0;ul. św. Antoniego
2016-11-27 07:05:01.973;787;0;0;Parking Hala Stulecia
2016-11-27 07:10:00.017;263;0;0;Nowy Targ
2016-11-27 07:10:01.340;97;0;0;ul. św. Antoniego
2016-11-27 07:10:01.930;787;0;0;Parking Hala Stulecia
2016-11-27 07:11:19.247;512;0;0;Renoma
2016-11-27 07:15:00.013;263;0;0;Nowy Targ
2016-11-27 07:15:01.363;787;0;0;Parking Hala Stulecia
2016-11-27 07:15:01.547;97;0;0;ul. św. Antoniego
2016-11-27 07:20:00.013;263;0;0;Nowy Targ
2016-11-27 07:20:01.390;787;0;0;Parking Hala Stulecia
2016-11-27 07:20:01.987;97;0;0;ul. św. Antoniego
2016-11-27 07:21:18.967;525;0;0;Renoma
2016-11-27 07:25:00.017;263;0;0;Nowy Targ
2016-11-27 07:25:01.273;787;0;0;Parking Hala Stulecia
2016-11-27 07:25:01.983;97;0;0;ul. św. Antoniego
2016-11-27 07:30:00.110;263;0;0;Nowy Targ
2016-11-27 07:30:01.840;97;0;0;ul. św. Antoniego
2016-11-27 07:30:02.220;787;0;0;Parking Hala Stulecia
2016-11-27 07:31:18.417;471;0;0;Renoma
2016-11-27 07:35:00.013;263;0;0;Nowy Targ
2016-11-27 07:35:01.283;787;0;0;Parking Hala Stulecia
2016-11-27 07:35:01.787;97;0;0;ul. św. Antoniego
2016-11-27 07:40:00.020;263;0;0;Nowy Targ
2016-11-27 07:40:01.260;787;0;0;Parking Hala Stulecia
2016-11-27 07:40:01.707;97;0;0;ul. św. Antoniego
2016-11-27 07:41:18.030;508;0;0;Renoma
2016-11-27 07:45:00.017;264;0;1;Nowy Targ
2016-11-27 07:45:01.560;101;0;2;ul. św. Antoniego
2016-11-27 07:45:01.990;787;0;0;Parking Hala Stulecia
2016-11-27 07:50:00.017;264;1;1;Nowy Targ
2016-11-27 07:50:01.530;101;0;0;ul. św. Antoniego
2016-11-27 07:50:01.990;787;0;0;Parking Hala Stulecia
2016-11-27 07:51:17.763;540;0;0;Renoma
2016-11-27 07:55:00.017;265;0;1;Nowy Targ
2016-11-27 07:55:01.480;787;1;1;Parking Hala Stulecia
2016-11-27 07:55:01.763;101;0;0;ul. św. Antoniego
2016-11-27 08:00:00.013;266;0;1;Nowy Targ
2016-11-27 08:00:01.237;101;0;0;ul. św. Antoniego
2016-11-27 08:00:01.643;787;0;0;Parking Hala Stulecia
2016-11-27 08:01:17.390;458;0;0;Renoma
2016-11-27 08:05:00.013;266;0;0;Nowy Targ
2016-11-27 08:05:01.457;99;1;0;ul. św. Antoniego
2016-11-27 08:05:02.193;787;0;0;Parking Hala Stulecia
2016-11-27 08:10:00.017;266;0;0;Nowy Targ
2016-11-27 08:10:01.270;787;0;0;Parking Hala Stulecia
2016-11-27 08:10:01.577;99;1;1;ul. św. Antoniego
2016-11-27 08:11:17.180;540;0;0;Renoma
2016-11-27 08:15:00.017;266;0;0;Nowy Targ
2016-11-27 08:15:01.357;787;0;0;Parking Hala Stulecia
2016-11-27 08:15:01.973;99;0;0;ul. św. Antoniego
2016-11-27 08:20:00.023;266;1;1;Nowy Targ
2016-11-27 08:20:01.167;99;0;0;ul. św. Antoniego
2016-11-27 08:20:01.357;787;0;0;Parking Hala Stulecia
2016-11-27 08:21:16.993;523;0;0;Renoma
2016-11-27 08:25:00.017;266;0;0;Nowy Targ
2016-11-27 08:25:01.307;787;0;0;Parking Hala Stulecia
2016-11-27 08:25:01.947;99;0;0;ul. św. Antoniego
2016-11-27 08:30:00.013;266;0;0;Nowy Targ
2016-11-27 08:30:01.367;787;0;0;Parking Hala Stulecia
2016-11-27 08:30:02.107;99;0;0;ul. św. Antoniego
2016-11-27 08:31:16.707;533;0;0;Renoma
2016-11-27 08:35:00.013;267;0;1;Nowy Targ
2016-11-27 08:35:01.240;99;0;0;ul. św. Antoniego
2016-11-27 08:35:01.497;787;0;0;Parking Hala Stulecia
2016-11-27 08:40:00.017;268;0;1;Nowy Targ
2016-11-27 08:40:01.307;786;1;0;Parking Hala Stulecia
2016-11-27 08:40:01.470;99;0;0;ul. św. Antoniego
2016-11-27 08:41:19.667;462;0;0;Renoma
2016-11-27 08:45:00.017;268;0;0;Nowy Targ
2016-11-27 08:45:01.227;99;0;0;ul. św. Antoniego
2016-11-27 08:45:01.487;788;1;0;Parking Hala Stulecia
2016-11-27 08:50:00.030;269;0;1;Nowy Targ
2016-11-27 08:50:01.487;788;0;0;Parking Hala Stulecia
2016-11-27 08:50:02.127;99;0;0;ul. św. Antoniego
2016-11-27 08:51:19.173;532;0;0;Renoma
2016-11-27 08:55:00.013;269;0;0;Nowy Targ
2016-11-27 08:55:01.247;786;2;0;Parking Hala Stulecia
2016-11-27 08:55:02.153;99;0;0;ul. św. Antoniego
2016-11-27 09:00:00.017;270;0;1;Nowy Targ
2016-11-27 09:00:01.647;784;3;1;Parking Hala Stulecia
2016-11-27 09:00:01.960;99;0;0;ul. św. Antoniego
2016-11-27 09:01:18.980;473;0;0;Renoma
2016-11-27 09:05:00.017;270;0;0;Nowy Targ
2016-11-27 09:05:01.263;783;1;0;Parking Hala Stulecia
2016-11-27 09:05:02.013;99;0;0;ul. św. Antoniego
2016-11-27 09:10:00.020;270;0;0;Nowy Targ
2016-11-27 09:10:01.850;99;0;0;ul. św. Antoniego
2016-11-27 09:10:02.123;783;0;0;Parking Hala Stulecia
2016-11-27 09:11:18.860;542;0;0;Renoma
2016-11-27 09:15:00.017;270;0;0;Nowy Targ
2016-11-27 09:15:01.247;783;1;1;Parking Hala Stulecia
2016-11-27 09:15:01.743;99;0;0;ul. św. Antoniego
2016-11-27 09:20:00.017;270;0;0;Nowy Targ
2016-11-27 09:20:01.210;781;2;0;Parking Hala Stulecia
2016-11-27 09:20:01.607;99;0;0;ul. św. Antoniego
2016-11-27 09:21:18.533;497;0;0;Renoma
2016-11-27 09:25:00.017;271;0;1;Nowy Targ
2016-11-27 09:25:01.567;101;0;1;ul. św. Antoniego
2016-11-27 09:25:02.177;781;0;0;Parking Hala Stulecia
2016-11-27 09:30:00.023;270;1;0;Nowy Targ
2016-11-27 09:30:01.430;101;0;0;ul. św. Antoniego
2016-11-27 09:30:01.823;779;2;0;Parking Hala Stulecia
2016-11-27 09:31:18.343;500;0;0;Renoma
2016-11-27 09:35:00.013;270;0;0;Nowy Targ
2016-11-27 09:35:01.283;99;1;0;ul. św. Antoniego
2016-11-27 09:35:01.620;777;2;0;Parking Hala Stulecia
2016-11-27 09:40:00.017;269;2;1;Nowy Targ
2016-11-27 09:40:01.523;776;2;1;Parking Hala Stulecia
2016-11-27 09:40:02.033;97;1;0;ul. św. Antoniego
2016-11-27 09:41:17.927;535;0;0;Renoma
2016-11-27 09:45:00.020;270;0;1;Nowy Targ
2016-11-27 09:45:01.367;771;6;1;Parking Hala Stulecia
2016-11-27 09:45:01.810;97;0;0;ul. św. Antoniego
2016-11-27 09:50:00.023;270;0;0;Nowy Targ
2016-11-27 09:50:01.693;99;1;2;ul. św. Antoniego
2016-11-27 09:50:02.183;771;1;1;Parking Hala Stulecia
2016-11-27 09:51:17.367;471;0;0;Renoma
2016-11-27 09:55:00.013;269;1;0;Nowy Targ
2016-11-27 09:55:01.573;95;2;0;ul. św. Antoniego
2016-11-27 09:55:02.003;766;6;1;Parking Hala Stulecia
2016-11-27 10:00:00.020;267;3;1;Nowy Targ
2016-11-27 10:00:01.397;95;0;0;ul. św. Antoniego
2016-11-27 10:00:01.920;761;6;1;Parking Hala Stulecia
2016-11-27 10:01:17.117;530;0;0;Renoma
2016-11-27 10:05:00.020;265;2;0;Nowy Targ
2016-11-27 10:05:01.160;93;1;0;ul. św. Antoniego
2016-11-27 10:05:02.147;756;6;1;Parking Hala Stulecia
2016-11-27 10:10:00.013;266;1;2;Nowy Targ
2016-11-27 10:10:01.957;744;12;0;Parking Hala Stulecia
2016-11-27 10:10:01.983;91;1;0;ul. św. Antoniego
2016-11-27 10:11:16.907;484;0;0;Renoma
2016-11-27 10:15:00.017;266;0;0;Nowy Targ
2016-11-27 10:15:01.777;743;3;2;Parking Hala Stulecia
2016-11-27 10:15:02.080;91;0;0;ul. św. Antoniego
2016-11-27 10:20:00.017;265;1;0;Nowy Targ
2016-11-27 10:20:01.597;731;12;0;Parking Hala Stulecia
2016-11-27 10:20:01.947;85;3;0;ul. św. Antoniego
2016-11-27 10:21:16.477;471;0;0;Renoma
2016-11-27 10:25:00.017;264;1;0;Nowy Targ
2016-11-27 10:25:01.363;724;8;1;Parking Hala Stulecia
2016-11-27 10:25:01.760;85;0;0;ul. św. Antoniego
2016-11-27 10:30:00.017;265;0;1;Nowy Targ
2016-11-27 10:30:01.513;85;0;0;ul. św. Antoniego
2016-11-27 10:30:02.123;714;10;0;Parking Hala Stulecia
2016-11-27 10:31:16.077;464;0;0;Renoma
2016-11-27 10:35:00.017;265;1;1;Nowy Targ
2016-11-27 10:35:01.433;85;1;1;ul. św. Antoniego
2016-11-27 10:35:01.930;707;10;3;Parking Hala Stulecia
2016-11-27 10:40:00.017;266;0;1;Nowy Targ
2016-11-27 10:40:01.483;87;0;1;ul. św. Antoniego
2016-11-27 10:40:01.723;692;16;1;Parking Hala Stulecia
2016-11-27 10:41:15.837;476;0;0;Renoma
2016-11-27 10:45:00.017;264;2;0;Nowy Targ
2016-11-27 10:45:01.327;83;2;0;ul. św. Antoniego
2016-11-27 10:45:01.630;679;16;3;Parking Hala Stulecia
2016-11-27 10:50:00.017;262;2;0;Nowy Targ
2016-11-27 10:50:01.473;677;6;4;Parking Hala Stulecia
2016-11-27 10:50:02.117;81;1;0;ul. św. Antoniego
2016-11-27 10:51:16.080;424;0;0;Renoma
2016-11-27 10:55:00.017;260;2;0;Nowy Targ
2016-11-27 10:55:01.320;665;14;2;Parking Hala Stulecia
2016-11-27 10:55:01.927;79;1;0;ul. św. Antoniego
2016-11-27 11:00:00.023;262;0;2;Nowy Targ
2016-11-27 11:00:01.750;77;1;0;ul. św. Antoniego
2016-11-27 11:00:02.123;651;14;0;Parking Hala Stulecia
2016-11-27 11:01:15.813;453;0;0;Renoma
2016-11-27 11:05:00.017;262;1;1;Nowy Targ
2016-11-27 11:05:01.487;77;0;0;ul. św. Antoniego
2016-11-27 11:05:01.883;637;16;2;Parking Hala Stulecia
2016-11-27 11:10:00.017;261;2;1;Nowy Targ
2016-11-27 11:10:01.223;75;1;0;ul. św. Antoniego
2016-11-27 11:10:01.640;621;17;1;Parking Hala Stulecia
2016-11-27 11:11:15.317;472;0;0;Renoma
2016-11-27 11:15:00.020;259;3;1;Nowy Targ
2016-11-27 11:15:01.267;75;1;1;ul. św. Antoniego
2016-11-27 11:15:01.593;615;10;4;Parking Hala Stulecia
2016-11-27 11:20:00.020;259;2;2;Nowy Targ
2016-11-27 11:20:01.363;607;9;1;Parking Hala Stulecia
2016-11-27 11:20:02.030;75;0;0;ul. św. Antoniego
2016-11-27 11:21:15.073;470;0;0;Renoma
2016-11-27 11:25:00.017;255;4;0;Nowy Targ
2016-11-27 11:25:01.237;595;16;4;Parking Hala Stulecia
2016-11-27 11:25:01.783;73;1;0;ul. św. Antoniego
2016-11-27 11:30:00.020;253;2;0;Nowy Targ
2016-11-27 11:30:01.663;71;1;0;ul. św. Antoniego
2016-11-27 11:30:02.027;583;14;2;Parking Hala Stulecia
2016-11-27 11:31:14.967;440;0;0;Renoma
2016-11-27 11:35:00.017;249;4;0;Nowy Targ
2016-11-27 11:35:01.513;73;0;1;ul. św. Antoniego
2016-11-27 11:35:01.993;567;19;3;Parking Hala Stulecia
2016-11-27 11:40:00.020;245;4;0;Nowy Targ
2016-11-27 11:40:01.253;78;0;3;ul. św. Antoniego
2016-11-27 11:40:01.910;553;16;2;Parking Hala Stulecia
2016-11-27 11:41:14.440;410;0;0;Renoma
2016-11-27 11:45:00.017;242;3;0;Nowy Targ
2016-11-27 11:45:01.810;544;12;3;Parking Hala Stulecia
2016-11-27 11:45:02.090;76;1;0;ul. św. Antoniego
2016-11-27 11:50:00.017;241;2;1;Nowy Targ
2016-11-27 11:50:01.607;531;18;5;Parking Hala Stulecia
2016-11-27 11:50:01.923;71;3;0;ul. św. Antoniego
2016-11-27 11:51:13.673;399;0;0;Renoma
2016-11-27 11:55:00.017;240;2;1;Nowy Targ
2016-11-27 11:55:01.437;525;12;6;Parking Hala Stulecia
2016-11-27 11:55:01.707;69;1;0;ul. św. Antoniego
2016-11-27 12:00:00.020;239;2;1;Nowy Targ
2016-11-27 12:00:01.347;512;17;4;Parking Hala Stulecia
2016-11-27 12:00:01.533;67;2;1;ul. św. Antoniego
2016-11-27 12:01:13.023;377;0;0;Renoma
2016-11-27 12:05:00.017;234;8;3;Nowy Targ
2016-11-27 12:05:01.387;73;1;4;ul. św. Antoniego
2016-11-27 12:05:02.137;500;17;5;Parking Hala Stulecia
2016-11-27 12:10:00.017;232;3;1;Nowy Targ
2016-11-27 12:10:01.337;69;4;2;ul. św. Antoniego
2016-11-27 12:10:01.907;488;15;3;Parking Hala Stulecia
2016-11-27 12:11:12.667;385;0;0;Renoma
2016-11-27 12:15:00.017;232;2;2;Nowy Targ
2016-11-27 12:15:01.763;479;18;9;Parking Hala Stulecia
2016-11-27 12:15:02.130;67;2;1;ul. św. Antoniego
2016-11-27 12:20:00.043;232;1;1;Nowy Targ
2016-11-27 12:20:01.513;423;14;6;Parking Hala Stulecia
2016-11-27 12:20:01.600;67;0;0;ul. św. Antoniego
2016-11-27 12:21:12.213;417;0;0;Renoma
2016-11-27 12:25:00.017;228;5;1;Nowy Targ
2016-11-27 12:25:01.293;420;10;7;Parking Hala Stulecia
2016-11-27 12:25:01.573;73;0;3;ul. św. Antoniego
2016-11-27 12:30:00.020;227;3;2;Nowy Targ
2016-11-27 12:30:01.473;75;0;1;ul. św. Antoniego
2016-11-27 12:30:02.197;416;22;9;Parking Hala Stulecia
2016-11-27 12:31:12.053;362;0;0;Renoma
2016-11-27 12:35:00.017;227;3;3;Nowy Targ
2016-11-27 12:35:01.243;73;1;0;ul. św. Antoniego
2016-11-27 12:35:02.137;414;11;9;Parking Hala Stulecia
2016-11-27 12:40:00.017;224;5;2;Nowy Targ
2016-11-27 12:40:01.953;410;6;6;Parking Hala Stulecia
2016-11-27 12:40:02.083;74;2;3;ul. św. Antoniego
2016-11-27 12:41:11.663;386;0;0;Renoma
2016-11-27 12:45:00.017;220;7;3;Nowy Targ
2016-11-27 12:45:01.777;433;9;14;Parking Hala Stulecia
2016-11-27 12:45:01.997;70;2;0;ul. św. Antoniego
2016-11-27 12:50:00.030;218;3;1;Nowy Targ
2016-11-27 12:50:01.630;435;12;14;Parking Hala Stulecia
2016-11-27 12:50:01.927;70;2;2;ul. św. Antoniego
2016-11-27 12:51:11.140;349;0;0;Renoma
2016-11-27 12:55:00.017;214;4;0;Nowy Targ
2016-11-27 12:55:01.403;434;6;5;Parking Hala Stulecia
2016-11-27 12:55:01.743;70;3;3;ul. św. Antoniego
2016-11-27 13:00:00.020;210;8;4;Nowy Targ
2016-11-27 13:00:01.267;433;13;12;Parking Hala Stulecia
2016-11-27 13:00:01.577;78;0;4;ul. św. Antoniego
2016-11-27 13:01:11.327;333;0;0;Renoma
2016-11-27 13:05:00.017;207;6;3;Nowy Targ
2016-11-27 13:05:01.493;76;1;0;ul. św. Antoniego
2016-11-27 13:05:02.050;441;6;14;Parking Hala Stulecia
2016-11-27 13:10:00.017;205;3;1;Nowy Targ
2016-11-27 13:10:01.283;74;1;0;ul. św. Antoniego
2016-11-27 13:10:01.847;433;19;11;Parking Hala Stulecia
2016-11-27 13:11:10.790;375;0;0;Renoma
2016-11-27 13:15:00.017;206;3;4;Nowy Targ
2016-11-27 13:15:01.637;429;9;5;Parking Hala Stulecia
2016-11-27 13:15:02.067;76;0;1;ul. św. Antoniego
2016-11-27 13:20:00.023;199;8;1;Nowy Targ
2016-11-27 13:20:01.560;435;4;10;Parking Hala Stulecia
2016-11-27 13:20:01.940;76;1;1;ul. św. Antoniego
2016-11-27 13:21:10.840;338;0;0;Renoma
2016-11-27 13:25:00.013;201;3;5;Nowy Targ
2016-11-27 13:25:01.330;441;8;14;Parking Hala Stulecia
2016-11-27 13:25:01.793;72;2;0;ul. św. Antoniego
2016-11-27 13:30:00.020;203;4;6;Nowy Targ
2016-11-27 13:30:01.637;66;3;0;ul. św. Antoniego
2016-11-27 13:30:02.173;447;5;11;Parking Hala Stulecia
2016-11-27 13:31:10.743;345;0;0;Renoma
2016-11-27 13:35:00.017;199;6;2;Nowy Targ
2016-11-27 13:35:01.497;66;0;0;ul. św. Antoniego
2016-11-27 13:35:02.027;448;5;6;Parking Hala Stulecia
2016-11-27 13:40:00.020;196;7;4;Nowy Targ
2016-11-27 13:40:01.443;64;1;0;ul. św. Antoniego
2016-11-27 13:40:01.787;445;8;5;Parking Hala Stulecia
2016-11-27 13:41:10.223;319;0;0;Renoma
2016-11-27 13:45:00.117;192;6;2;Nowy Targ
2016-11-27 13:45:01.280;60;2;0;ul. św. Antoniego
2016-11-27 13:45:01.617;452;3;10;Parking Hala Stulecia
2016-11-27 13:50:00.020;183;11;2;Nowy Targ
2016-11-27 13:50:01.450;454;11;13;Parking Hala Stulecia
2016-11-27 13:50:02.140;62;0;1;ul. św. Antoniego
2016-11-27 13:51:09.963;321;0;0;Renoma
2016-11-27 13:55:00.017;179;9;5;Nowy Targ
2016-11-27 13:55:01.893;64;0;1;ul. św. Antoniego
2016-11-27 13:55:02.197;447;13;6;Parking Hala Stulecia
2016-11-27 14:00:00.017;172;8;1;Nowy Targ
2016-11-27 14:00:01.743;62;1;0;ul. św. Antoniego
2016-11-27 14:00:02.073;449;12;14;Parking Hala Stulecia
2016-11-27 14:01:09.547;311;0;0;Renoma
2016-11-27 14:05:00.017;169;3;0;Nowy Targ
2016-11-27 14:05:01.503;62;2;2;ul. św. Antoniego
2016-11-27 14:05:01.893;459;5;15;Parking Hala Stulecia
2016-11-27 14:10:00.017;172;3;6;Nowy Targ
2016-11-27 14:10:01.327;60;1;0;ul. św. Antoniego
2016-11-27 14:10:01.730;460;4;5;Parking Hala Stulecia
2016-11-27 14:11:09.033;303;0;0;Renoma
2016-11-27 14:15:00.017;165;8;1;Nowy Targ
2016-11-27 14:15:01.207;58;1;0;ul. św. Antoniego
2016-11-27 14:15:01.640;466;7;13;Parking Hala Stulecia
2016-11-27 14:20:00.017;164;8;7;Nowy Targ
2016-11-27 14:20:01.443;470;9;13;Parking Hala Stulecia
2016-11-27 14:20:01.937;56;3;2;ul. św. Antoniego
2016-11-27 14:21:08.503;310;0;0;Renoma
2016-11-27 14:25:00.017;167;2;5;Nowy Targ
2016-11-27 14:25:01.303;476;8;14;Parking Hala Stulecia
2016-11-27 14:25:01.767;56;0;0;ul. św. Antoniego
2016-11-27 14:30:00.017;168;4;5;Nowy Targ
2016-11-27 14:30:01.617;53;2;0;ul. św. Antoniego
2016-11-27 14:30:02.140;481;8;13;Parking Hala Stulecia
2016-11-27 14:31:08.220;321;0;0;Renoma
2016-11-27 14:35:00.017;169;3;4;Nowy Targ
2016-11-27 14:35:01.423;53;1;1;ul. św. Antoniego
2016-11-27 14:35:01.977;486;4;9;Parking Hala Stulecia
2016-11-27 14:40:00.023;171;2;4;Nowy Targ
2016-11-27 14:40:01.197;51;2;1;ul. św. Antoniego
2016-11-27 14:40:01.880;488;5;7;Parking Hala Stulecia
2016-11-27 14:41:07.720;339;0;0;Renoma
2016-11-27 14:45:00.017;170;8;7;Nowy Targ
2016-11-27 14:45:01.697;495;2;9;Parking Hala Stulecia
2016-11-27 14:45:01.967;49;1;0;ul. św. Antoniego
2016-11-27 14:50:00.017;175;4;9;Nowy Targ
2016-11-27 14:50:01.570;506;3;14;Parking Hala Stulecia
2016-11-27 14:50:01.840;47;2;1;ul. św. Antoniego
2016-11-27 14:51:07.287;335;0;0;Renoma
2016-11-27 14:55:00.017;172;6;3;Nowy Targ
2016-11-27 14:55:01.243;515;5;14;Parking Hala Stulecia
2016-11-27 14:55:01.673;47;3;3;ul. św. Antoniego
2016-11-27 15:00:00.020;167;11;6;Nowy Targ
2016-11-27 15:00:01.590;49;1;2;ul. św. Antoniego
2016-11-27 15:00:01.997;528;1;14;Parking Hala Stulecia
2016-11-27 15:01:07.177;348;0;0;Renoma
2016-11-27 15:05:00.020;163;10;6;Nowy Targ
2016-11-27 15:05:01.277;49;0;0;ul. św. Antoniego
2016-11-27 15:05:01.757;536;2;10;Parking Hala Stulecia
2016-11-27 15:10:00.017;163;4;4;Nowy Targ
2016-11-27 15:10:01.630;546;2;12;Parking Hala Stulecia
2016-11-27 15:10:02.057;47;3;2;ul. św. Antoniego
2016-11-27 15:11:06.997;308;0;0;Renoma
2016-11-27 15:15:00.017;154;12;3;Nowy Targ
2016-11-27 15:15:01.423;560;2;16;Parking Hala Stulecia
2016-11-27 15:15:01.860;47;2;2;ul. św. Antoniego
2016-11-27 15:20:00.017;147;13;6;Nowy Targ
2016-11-27 15:20:01.650;49;2;3;ul. św. Antoniego
2016-11-27 15:20:02.197;562;3;5;Parking Hala Stulecia
2016-11-27 15:21:06.613;348;0;0;Renoma
2016-11-27 15:25:00.017;142;12;7;Nowy Targ
2016-11-27 15:25:01.417;53;0;2;ul. św. Antoniego
2016-11-27 15:25:02.057;571;8;17;Parking Hala Stulecia
2016-11-27 15:30:00.020;134;12;4;Nowy Targ
2016-11-27 15:30:01.157;51;1;0;ul. św. Antoniego
2016-11-27 15:30:01.893;585;0;14;Parking Hala Stulecia
2016-11-27 15:31:06.610;321;0;0;Renoma
2016-11-27 15:35:00.017;130;8;4;Nowy Targ
2016-11-27 15:35:01.833;601;1;17;Parking Hala Stulecia
2016-11-27 15:35:01.993;47;2;0;ul. św. Antoniego
2016-11-27 15:40:00.023;128;5;3;Nowy Targ
2016-11-27 15:40:01.643;602;4;5;Parking Hala Stulecia
2016-11-27 15:40:01.833;49;1;2;ul. św. Antoniego
2016-11-27 15:41:06.127;378;0;0;Renoma
2016-11-27 15:45:00.017;121;13;6;Nowy Targ
2016-11-27 15:45:01.450;605;2;5;Parking Hala Stulecia
2016-11-27 15:45:01.617;53;0;2;ul. św. Antoniego
2016-11-27 15:50:00.017;118;8;5;Nowy Targ
2016-11-27 15:50:01.377;613;0;8;Parking Hala Stulecia
2016-11-27 15:50:01.593;59;0;3;ul. św. Antoniego
2016-11-27 15:51:05.837;358;0;0;Renoma
2016-11-27 15:55:00.017;113;12;7;Nowy Targ
2016-11-27 15:55:01.383;61;0;1;ul. św. Antoniego
2016-11-27 15:55:02.297;626;3;16;Parking Hala Stulecia
2016-11-27 16:00:00.017;118;3;8;Nowy Targ
2016-11-27 16:00:01.210;636;0;10;Parking Hala Stulecia
2016-11-27 16:00:01.217;59;1;0;ul. św. Antoniego
2016-11-27 16:01:05.710;318;0;0;Renoma
2016-11-27 16:05:00.017;109;15;6;Nowy Targ
2016-11-27 16:05:01.350;59;0;0;ul. św. Antoniego
2016-11-27 16:05:02.123;648;1;13;Parking Hala Stulecia
2016-11-27 16:10:00.020;90;24;5;Nowy Targ
2016-11-27 16:10:01.913;670;0;22;Parking Hala Stulecia
2016-11-27 16:10:02.110;53;3;0;ul. św. Antoniego
2016-11-27 16:11:05.430;376;0;0;Renoma
2016-11-27 16:15:00.017;88;10;8;Nowy Targ
2016-11-27 16:15:01.153;53;1;1;ul. św. Antoniego
2016-11-27 16:15:01.817;686;1;17;Parking Hala Stulecia
2016-11-27 16:20:00.020;84;10;6;Nowy Targ
2016-11-27 16:20:01.777;694;1;9;Parking Hala Stulecia
2016-11-27 16:20:01.953;55;1;2;ul. św. Antoniego
2016-11-27 16:21:05.247;348;0;0;Renoma
2016-11-27 16:25:00.017;68;19;3;Nowy Targ
2016-11-27 16:25:01.640;702;1;9;Parking Hala Stulecia
2016-11-27 16:25:01.840;53;2;1;ul. św. Antoniego
2016-11-27 16:30:00.023;65;9;6;Nowy Targ
2016-11-27 16:30:01.427;712;0;10;Parking Hala Stulecia
2016-11-27 16:30:01.733;51;1;0;ul. św. Antoniego
2016-11-27 16:31:05.147;345;0;0;Renoma
2016-11-27 16:35:00.017;62;8;5;Nowy Targ
2016-11-27 16:35:01.200;722;1;11;Parking Hala Stulecia
2016-11-27 16:35:01.477;53;1;2;ul. św. Antoniego
2016-11-27 16:40:00.020;53;16;7;Nowy Targ
2016-11-27 16:40:01.280;55;0;1;ul. św. Antoniego
2016-11-27 16:40:02.027;733;1;12;Parking Hala Stulecia
2016-11-27 16:41:04.553;331;0;0;Renoma
2016-11-27 16:45:00.017;45;19;11;Nowy Targ
2016-11-27 16:45:01.787;733;2;2;Parking Hala Stulecia
2016-11-27 16:45:02.010;59;0;2;ul. św. Antoniego
2016-11-27 16:50:00.017;32;21;8;Nowy Targ
2016-11-27 16:50:01.570;746;1;3;Parking Hala Stulecia
2016-11-27 16:50:01.820;63;2;4;ul. św. Antoniego
2016-11-27 16:51:04.247;328;0;0;Renoma
2016-11-27 16:55:00.017;27;16;11;Nowy Targ
2016-11-27 16:55:01.247;747;0;1;Parking Hala Stulecia
2016-11-27 16:55:01.603;61;1;0;ul. św. Antoniego
2016-11-27 17:00:00.017;25;11;9;Nowy Targ
2016-11-27 17:00:01.423;59;1;0;ul. św. Antoniego
2016-11-27 17:00:02.173;761;0;2;Parking Hala Stulecia
2016-11-27 17:01:04.143;360;0;0;Renoma
2016-11-27 17:05:00.027;29;6;10;Nowy Targ
2016-11-27 17:05:01.277;63;1;3;ul. św. Antoniego
2016-11-27 17:05:01.990;761;0;0;Parking Hala Stulecia
2016-11-27 17:10:00.017;33;10;14;Nowy Targ
2016-11-27 17:10:01.890;766;0;5;Parking Hala Stulecia
2016-11-27 17:10:02.030;55;4;0;ul. św. Antoniego
2016-11-27 17:11:04.017;338;0;0;Renoma
2016-11-27 17:15:00.017;41;2;10;Nowy Targ
2016-11-27 17:15:01.260;766;1;1;Parking Hala Stulecia
2016-11-27 17:15:01.867;50;3;1;ul. św. Antoniego
2016-11-27 17:20:00.017;36;12;7;Nowy Targ
2016-11-27 17:20:01.783;48;2;1;ul. św. Antoniego
2016-11-27 17:20:01.980;765;2;1;Parking Hala Stulecia
2016-11-27 17:21:03.717;328;0;0;Renoma
2016-11-27 17:25:00.017;37;6;7;Nowy Targ
2016-11-27 17:25:01.477;50;1;2;ul. św. Antoniego
2016-11-27 17:25:01.883;765;0;0;Parking Hala Stulecia
2016-11-27 17:30:00.017;38;9;10;Nowy Targ
2016-11-27 17:30:01.500;764;1;0;Parking Hala Stulecia
2016-11-27 17:30:01.747;50;2;2;ul. św. Antoniego
2016-11-27 17:31:03.303;326;0;0;Renoma
2016-11-27 17:35:00.017;48;5;15;Nowy Targ
2016-11-27 17:35:01.247;767;0;3;Parking Hala Stulecia
2016-11-27 17:35:01.597;40;6;1;ul. św. Antoniego
2016-11-27 17:40:00.020;51;3;6;Nowy Targ
2016-11-27 17:40:01.363;36;3;1;ul. św. Antoniego
2016-11-27 17:40:01.997;767;0;0;Parking Hala Stulecia
2016-11-27 17:41:03.087;344;0;0;Renoma
2016-11-27 17:45:00.017;52;8;9;Nowy Targ
2016-11-27 17:45:01.167;34;2;1;ul. św. Antoniego
2016-11-27 17:45:01.763;767;1;1;Parking Hala Stulecia
2016-11-27 17:50:00.010;55;9;12;Nowy Targ
2016-11-27 17:50:01.630;771;0;2;Parking Hala Stulecia
2016-11-27 17:50:02.060;32;4;3;ul. św. Antoniego
2016-11-27 17:51:02.777;341;0;0;Renoma
2016-11-27 17:55:00.013;63;11;19;Nowy Targ
2016-11-27 17:55:01.533;772;1;2;Parking Hala Stulecia
2016-11-27 17:55:01.860;34;1;2;ul. św. Antoniego
2016-11-27 18:00:00.013;70;2;9;Nowy Targ
2016-11-27 18:00:01.327;776;1;5;Parking Hala Stulecia
2016-11-27 18:00:01.617;30;4;2;ul. św. Antoniego
2016-11-27 18:01:02.550;340;0;0;Renoma
2016-11-27 18:05:00.013;78;6;14;Nowy Targ
2016-11-27 18:05:01.490;28;4;3;ul. św. Antoniego
2016-11-27 18:05:01.883;775;2;1;Parking Hala Stulecia
2016-11-27 18:10:00.017;84;4;10;Nowy Targ
2016-11-27 18:10:01.327;36;1;5;ul. św. Antoniego
2016-11-27 18:10:01.767;775;3;3;Parking Hala Stulecia
2016-11-27 18:11:01.883;348;0;0;Renoma
2016-11-27 18:15:00.113;97;3;16;Nowy Targ
2016-11-27 18:15:01.610;774;2;1;Parking Hala Stulecia
2016-11-27 18:15:02.100;38;2;3;ul. św. Antoniego
2016-11-27 18:20:00.013;101;6;10;Nowy Targ
2016-11-27 18:20:01.460;776;0;2;Parking Hala Stulecia
2016-11-27 18:20:02.037;36;1;0;ul. św. Antoniego
2016-11-27 18:21:01.210;422;0;0;Renoma
2016-11-27 18:25:00.013;112;6;17;Nowy Targ
2016-11-27 18:25:01.257;771;6;1;Parking Hala Stulecia
2016-11-27 18:25:01.960;39;0;2;ul. św. Antoniego
2016-11-27 18:30:00.013;117;9;14;Nowy Targ
2016-11-27 18:30:01.780;39;0;0;ul. św. Antoniego
2016-11-27 18:30:02.017;769;4;2;Parking Hala Stulecia
2016-11-27 18:31:01.280;399;0;0;Renoma
2016-11-27 18:35:00.017;127;1;11;Nowy Targ
2016-11-27 18:35:01.630;41;0;1;ul. św. Antoniego
2016-11-27 18:35:02.017;763;6;0;Parking Hala Stulecia
2016-11-27 18:40:00.020;138;4;15;Nowy Targ
2016-11-27 18:40:01.397;41;0;0;ul. św. Antoniego
2016-11-27 18:40:01.823;757;7;1;Parking Hala Stulecia
2016-11-27 18:41:01.200;441;0;0;Renoma
2016-11-27 18:45:00.017;149;2;13;Nowy Targ
2016-11-27 18:45:01.183;45;0;2;ul. św. Antoniego
2016-11-27 18:45:01.707;753;7;3;Parking Hala Stulecia
2016-11-27 18:50:00.013;159;1;10;Nowy Targ
2016-11-27 18:50:01.537;749;5;1;Parking Hala Stulecia
2016-11-27 18:50:01.927;45;0;0;ul. św. Antoniego
2016-11-27 18:51:00.797;438;0;0;Renoma
2016-11-27 18:55:00.013;165;3;10;Nowy Targ
2016-11-27 18:55:01.403;745;5;1;Parking Hala Stulecia
2016-11-27 18:55:01.753;51;0;3;ul. św. Antoniego
2016-11-27 19:00:00.013;169;4;8;Nowy Targ
2016-11-27 19:00:01.257;740;6;1;Parking Hala Stulecia
2016-11-27 19:00:01.593;50;1;1;ul. św. Antoniego
2016-11-27 19:01:00.443;429;0;0;Renoma
2016-11-27 19:05:00.017;177;2;10;Nowy Targ
2016-11-27 19:05:01.360;50;0;0;ul. św. Antoniego
2016-11-27 19:05:02.083;738;2;0;Parking Hala Stulecia
2016-11-27 19:10:00.017;181;2;6;Nowy Targ
2016-11-27 19:10:01.157;56;0;3;ul. św. Antoniego
2016-11-27 19:10:01.907;736;3;1;Parking Hala Stulecia
2016-11-27 19:10:59.773;393;0;0;Renoma
2016-11-27 19:15:00.017;191;1;11;Nowy Targ
2016-11-27 19:15:01.820;733;3;0;Parking Hala Stulecia
2016-11-27 19:15:02.147;60;0;2;ul. św. Antoniego
2016-11-27 19:20:00.017;196;1;6;Nowy Targ
2016-11-27 19:20:01.637;733;0;0;Parking Hala Stulecia
2016-11-27 19:20:01.937;64;0;2;ul. św. Antoniego
2016-11-27 19:20:59.413;400;0;0;Renoma
2016-11-27 19:25:00.027;199;3;6;Nowy Targ
2016-11-27 19:25:01.343;732;1;0;Parking Hala Stulecia
2016-11-27 19:25:01.767;64;2;2;ul. św. Antoniego
2016-11-27 19:30:00.017;203;3;7;Nowy Targ
2016-11-27 19:30:01.617;66;2;3;ul. św. Antoniego
2016-11-27 19:30:02.197;731;2;1;Parking Hala Stulecia
2016-11-27 19:30:59.123;466;0;0;Renoma
2016-11-27 19:35:00.017;203;6;6;Nowy Targ
2016-11-27 19:35:01.457;64;1;0;ul. św. Antoniego
2016-11-27 19:35:01.980;730;1;0;Parking Hala Stulecia
2016-11-27 19:40:00.020;202;3;2;Nowy Targ
2016-11-27 19:40:01.253;66;1;2;ul. św. Antoniego
2016-11-27 19:40:01.750;727;3;0;Parking Hala Stulecia
2016-11-27 19:40:58.683;483;0;0;Renoma
2016-11-27 19:45:00.017;207;3;8;Nowy Targ
2016-11-27 19:45:01.497;725;2;0;Parking Hala Stulecia
2016-11-27 19:45:01.993;64;1;0;ul. św. Antoniego
2016-11-27 19:50:00.013;211;0;4;Nowy Targ
2016-11-27 19:50:01.320;724;1;0;Parking Hala Stulecia
2016-11-27 19:50:01.797;64;1;1;ul. św. Antoniego
2016-11-27 19:50:58.197;478;0;0;Renoma
2016-11-27 19:55:00.013;219;0;8;Nowy Targ
2016-11-27 19:55:01.697;64;0;0;ul. św. Antoniego
2016-11-27 19:55:02.143;724;0;0;Parking Hala Stulecia
2016-11-27 20:00:00.017;218;5;4;Nowy Targ
2016-11-27 20:00:01.493;64;2;2;ul. św. Antoniego
2016-11-27 20:00:01.883;724;0;0;Parking Hala Stulecia
2016-11-27 20:00:57.780;414;0;0;Renoma
2016-11-27 20:05:00.013;222;4;8;Nowy Targ
2016-11-27 20:05:01.397;64;1;1;ul. św. Antoniego
2016-11-27 20:05:01.703;723;1;0;Parking Hala Stulecia
2016-11-27 20:10:00.017;223;0;1;Nowy Targ
2016-11-27 20:10:01.337;68;0;2;ul. św. Antoniego
2016-11-27 20:10:01.583;723;0;0;Parking Hala Stulecia
2016-11-27 20:10:57.160;428;0;0;Renoma
2016-11-27 20:15:00.013;224;3;4;Nowy Targ
2016-11-27 20:15:01.167;70;0;1;ul. św. Antoniego
2016-11-27 20:15:01.510;723;0;0;Parking Hala Stulecia
2016-11-27 20:20:00.017;230;0;6;Nowy Targ
2016-11-27 20:20:01.680;722;1;0;Parking Hala Stulecia
2016-11-27 20:20:02.007;72;0;1;ul. św. Antoniego
2016-11-27 20:20:56.803;467;0;0;Renoma
2016-11-27 20:25:00.013;235;0;5;Nowy Targ
2016-11-27 20:25:01.450;722;0;0;Parking Hala Stulecia
2016-11-27 20:25:01.840;74;0;1;ul. św. Antoniego
2016-11-27 20:30:00.020;240;0;5;Nowy Targ
2016-11-27 20:30:01.293;722;1;1;Parking Hala Stulecia
2016-11-27 20:30:01.613;78;0;2;ul. św. Antoniego
2016-11-27 20:30:56.433;477;0;0;Renoma
2016-11-27 20:35:00.020;239;1;0;Nowy Targ
2016-11-27 20:35:01.480;86;0;4;ul. św. Antoniego
2016-11-27 20:35:02.177;723;0;1;Parking Hala Stulecia
2016-11-27 20:40:00.017;240;2;3;Nowy Targ
2016-11-27 20:40:01.350;88;0;1;ul. św. Antoniego
2016-11-27 20:40:02.040;723;0;0;Parking Hala Stulecia
2016-11-27 20:40:56.113;463;0;0;Renoma
2016-11-27 20:45:00.017;242;0;2;Nowy Targ
2016-11-27 20:45:01.690;723;0;0;Parking Hala Stulecia
2016-11-27 20:45:02.107;96;0;4;ul. św. Antoniego
2016-11-27 20:50:00.017;242;0;0;Nowy Targ
2016-11-27 20:50:01.403;723;0;0;Parking Hala Stulecia
2016-11-27 20:50:01.893;96;0;0;ul. św. Antoniego
2016-11-27 20:50:55.560;465;0;0;Renoma
2016-11-27 20:55:00.017;244;0;2;Nowy Targ
2016-11-27 20:55:01.743;98;0;1;ul. św. Antoniego
2016-11-27 20:55:02.137;724;1;2;Parking Hala Stulecia
2016-11-27 21:00:00.017;245;0;1;Nowy Targ
2016-11-27 21:00:01.447;98;0;0;ul. św. Antoniego
2016-11-27 21:00:01.837;726;1;3;Parking Hala Stulecia
2016-11-27 21:00:55.723;460;0;0;Renoma
2016-11-27 21:05:00.017;248;1;4;Nowy Targ
2016-11-27 21:05:01.317;98;0;0;ul. św. Antoniego
2016-11-27 21:05:01.670;728;0;2;Parking Hala Stulecia
2016-11-27 21:10:00.013;252;0;4;Nowy Targ
2016-11-27 21:10:01.727;738;0;10;Parking Hala Stulecia
2016-11-27 21:10:02.057;98;0;0;ul. św. Antoniego
2016-11-27 21:10:55.410;475;0;0;Renoma
2016-11-27 21:15:00.017;253;1;2;Nowy Targ
2016-11-27 21:15:01.533;755;0;17;Parking Hala Stulecia
2016-11-27 21:15:01.813;100;0;1;ul. św. Antoniego
2016-11-27 21:20:00.020;254;0;1;Nowy Targ
2016-11-27 21:20:01.330;769;0;14;Parking Hala Stulecia
2016-11-27 21:20:01.613;100;0;0;ul. św. Antoniego
2016-11-27 21:20:55.303;439;0;0;Renoma
2016-11-27 21:25:00.013;257;0;3;Nowy Targ
2016-11-27 21:25:01.350;100;0;0;ul. św. Antoniego
2016-11-27 21:25:02.037;777;0;8;Parking Hala Stulecia
2016-11-27 21:30:00.013;258;0;1;Nowy Targ
2016-11-27 21:30:01.807;781;0;4;Parking Hala Stulecia
2016-11-27 21:30:02.117;100;0;0;ul. św. Antoniego
2016-11-27 21:30:54.753;477;0;0;Renoma
2016-11-27 21:35:00.013;257;1;0;Nowy Targ
2016-11-27 21:35:01.660;785;0;4;Parking Hala Stulecia
2016-11-27 21:35:01.847;100;0;0;ul. św. Antoniego
2016-11-27 21:40:00.017;257;1;1;Nowy Targ
2016-11-27 21:40:01.390;789;0;4;Parking Hala Stulecia
2016-11-27 21:40:01.723;100;0;0;ul. św. Antoniego
2016-11-27 21:40:54.530;440;0;0;Renoma
2016-11-27 21:45:00.020;259;1;3;Nowy Targ
2016-11-27 21:45:01.530;100;0;0;ul. św. Antoniego
2016-11-27 21:45:02.207;790;0;1;Parking Hala Stulecia
2016-11-27 21:50:00.017;259;0;0;Nowy Targ
2016-11-27 21:50:01.367;100;0;0;ul. św. Antoniego
2016-11-27 21:50:02.063;791;0;1;Parking Hala Stulecia
2016-11-27 21:50:54.020;512;0;0;Renoma
2016-11-27 21:55:00.017;259;1;1;Nowy Targ
2016-11-27 21:55:01.853;791;0;0;Parking Hala Stulecia
2016-11-27 21:55:02.047;102;0;1;ul. św. Antoniego
2016-11-27 22:00:00.023;261;0;2;Nowy Targ
2016-11-27 22:00:01.563;791;0;0;Parking Hala Stulecia
2016-11-27 22:00:01.817;104;0;1;ul. św. Antoniego
2016-11-27 22:00:53.877;466;0;0;Renoma
2016-11-27 22:05:00.017;262;0;1;Nowy Targ
2016-11-27 22:05:01.260;791;0;0;Parking Hala Stulecia
2016-11-27 22:05:01.607;106;0;1;ul. św. Antoniego
2016-11-27 22:10:00.017;263;0;1;Nowy Targ
2016-11-27 22:10:01.460;110;0;2;ul. św. Antoniego
2016-11-27 22:10:02.067;791;0;0;Parking Hala Stulecia
2016-11-27 22:10:54.120;486;0;0;Renoma
2016-11-27 22:15:00.013;264;0;1;Nowy Targ
2016-11-27 22:15:01.200;111;1;1;ul. św. Antoniego
2016-11-27 22:15:01.690;791;0;0;Parking Hala Stulecia
2016-11-27 22:20:00.023;269;1;6;Nowy Targ
2016-11-27 22:20:01.523;791;0;0;Parking Hala Stulecia
2016-11-27 22:20:02.113;111;0;0;ul. św. Antoniego
2016-11-27 22:20:53.677;438;0;0;Renoma
2016-11-27 22:25:00.017;269;2;2;Nowy Targ
2016-11-27 22:25:01.920;111;0;0;ul. św. Antoniego
2016-11-27 22:25:02.097;791;0;0;Parking Hala Stulecia
2016-11-27 22:30:00.017;269;0;0;Nowy Targ
2016-11-27 22:30:01.737;111;0;0;ul. św. Antoniego
2016-11-27 22:30:02.053;791;0;0;Parking Hala Stulecia
2016-11-27 22:30:53.803;433;0;0;Renoma
2016-11-27 22:35:00.017;270;0;1;Nowy Targ
2016-11-27 22:35:01.570;115;0;2;ul. św. Antoniego
2016-11-27 22:35:01.930;791;0;0;Parking Hala Stulecia
2016-11-27 22:40:00.017;273;0;3;Nowy Targ
2016-11-27 22:40:01.433;115;0;0;ul. św. Antoniego
2016-11-27 22:40:01.727;791;0;0;Parking Hala Stulecia
2016-11-27 22:40:53.293;441;0;0;Renoma
2016-11-27 22:45:00.070;276;0;3;Nowy Targ
2016-11-27 22:45:01.240;117;0;1;ul. św. Antoniego
2016-11-27 22:45:01.523;790;1;0;Parking Hala Stulecia
2016-11-27 22:50:00.013;276;0;0;Nowy Targ
2016-11-27 22:50:01.417;790;0;0;Parking Hala Stulecia
2016-11-27 22:50:02.100;117;0;0;ul. św. Antoniego
2016-11-27 22:50:52.777;466;0;0;Renoma
2016-11-27 22:55:00.017;279;0;3;Nowy Targ
2016-11-27 22:55:01.833;117;0;0;ul. św. Antoniego
2016-11-27 22:55:02.097;790;0;0;Parking Hala Stulecia
2016-11-27 23:00:00.027;279;0;0;Nowy Targ
2016-11-27 23:00:01.727;117;0;0;ul. św. Antoniego
2016-11-27 23:00:02.097;790;0;0;Parking Hala Stulecia
2016-11-27 23:00:52.430;456;0;0;Renoma
2016-11-27 23:05:00.017;279;0;0;Nowy Targ
2016-11-27 23:05:01.517;117;0;0;ul. św. Antoniego
2016-11-27 23:05:01.943;791;0;1;Parking Hala Stulecia
2016-11-27 23:10:00.017;279;0;0;Nowy Targ
2016-11-27 23:10:01.267;117;0;0;ul. św. Antoniego
2016-11-27 23:10:01.703;791;0;0;Parking Hala Stulecia
2016-11-27 23:10:52.127;484;0;0;Renoma
2016-11-27 23:15:00.033;280;0;1;Nowy Targ
2016-11-27 23:15:01.383;791;0;0;Parking Hala Stulecia
2016-11-27 23:15:01.973;117;0;0;ul. św. Antoniego
2016-11-27 23:20:00.020;280;0;0;Nowy Targ
2016-11-27 23:20:01.790;117;0;0;ul. św. Antoniego
2016-11-27 23:20:02.133;791;0;0;Parking Hala Stulecia
2016-11-27 23:20:51.697;505;0;0;Renoma
2016-11-27 23:25:00.013;281;0;1;Nowy Targ
2016-11-27 23:25:01.630;119;0;1;ul. św. Antoniego
2016-11-27 23:25:01.907;791;0;0;Parking Hala Stulecia
2016-11-27 23:30:00.017;281;0;0;Nowy Targ
2016-11-27 23:30:01.410;121;0;1;ul. św. Antoniego
2016-11-27 23:30:01.737;791;0;0;Parking Hala Stulecia
2016-11-27 23:30:51.437;469;0;0;Renoma
2016-11-27 23:35:00.020;282;0;1;Nowy Targ
2016-11-27 23:35:01.330;121;0;0;ul. św. Antoniego
2016-11-27 23:35:01.653;791;0;0;Parking Hala Stulecia
2016-11-27 23:40:00.020;282;0;0;Nowy Targ
2016-11-27 23:40:01.393;791;0;0;Parking Hala Stulecia
2016-11-27 23:40:02.117;123;0;1;ul. św. Antoniego
2016-11-27 23:40:50.827;508;0;0;Renoma
2016-11-27 23:45:00.017;282;0;0;Nowy Targ
2016-11-27 23:45:01.907;123;0;0;ul. św. Antoniego
2016-11-27 23:45:02.137;791;0;0;Parking Hala Stulecia
2016-11-27 23:50:00.017;284;0;2;Nowy Targ
2016-11-27 23:50:01.677;123;0;0;ul. św. Antoniego
2016-11-27 23:50:01.947;791;0;0;Parking Hala Stulecia
2016-11-27 23:50:50.343;457;0;0;Renoma
2016-11-27 23:55:00.017;285;0;1;Nowy Targ
2016-11-27 23:55:01.503;123;0;0;ul. św. Antoniego
2016-11-27 23:55:01.870;791;0;0;Parking Hala Stulecia
2016-11-28 00:00:00.020;285;0;0;Nowy Targ
2016-11-28 00:00:01.357;123;0;0;ul. św. Antoniego
2016-11-28 00:00:01.593;790;1;0;Parking Hala Stulecia
2016-11-28 00:00:49.990;459;0;0;Renoma
2016-11-28 00:05:00.013;285;0;0;Nowy Targ
2016-11-28 00:05:01.883;791;0;1;Parking Hala Stulecia
2016-11-28 00:05:02.057;123;0;0;ul. św. Antoniego
2016-11-28 00:10:00.017;285;0;0;Nowy Targ
2016-11-28 00:10:01.740;791;0;0;Parking Hala Stulecia
2016-11-28 00:10:01.907;121;1;0;ul. św. Antoniego
2016-11-28 00:10:49.447;485;0;0;Renoma
2016-11-28 00:15:00.013;285;0;0;Nowy Targ
2016-11-28 00:15:01.413;791;0;0;Parking Hala Stulecia
2016-11-28 00:15:01.727;121;0;0;ul. św. Antoniego
2016-11-28 00:20:00.017;285;0;0;Nowy Targ
2016-11-28 00:20:01.517;121;0;0;ul. św. Antoniego
2016-11-28 00:20:02.183;791;0;0;Parking Hala Stulecia
2016-11-28 00:20:48.883;482;0;0;Renoma
2016-11-28 00:25:00.017;285;0;0;Nowy Targ
2016-11-28 00:25:01.343;121;0;0;ul. św. Antoniego
2016-11-28 00:25:01.977;791;0;0;Parking Hala Stulecia
2016-11-28 00:30:00.017;285;0;0;Nowy Targ
2016-11-28 00:30:01.153;121;0;0;ul. św. Antoniego
2016-11-28 00:30:01.653;791;0;0;Parking Hala Stulecia
2016-11-28 00:30:49.007;449;0;0;Renoma
2016-11-28 00:35:00.017;285;0;0;Nowy Targ
2016-11-28 00:35:01.460;791;0;0;Parking Hala Stulecia
2016-11-28 00:35:02.120;121;0;0;ul. św. Antoniego
2016-11-28 00:40:00.017;285;0;0;Nowy Targ
2016-11-28 00:40:01.937;121;0;0;ul. św. Antoniego
2016-11-28 00:40:02.160;791;0;0;Parking Hala Stulecia
2016-11-28 00:40:48.793;496;0;0;Renoma
2016-11-28 00:45:00.017;285;0;0;Nowy Targ
2016-11-28 00:45:01.750;121;0;0;ul. św. Antoniego
2016-11-28 00:45:02.040;791;0;0;Parking Hala Stulecia
2016-11-28 00:50:00.017;285;0;0;Nowy Targ
2016-11-28 00:50:01.517;121;0;0;ul. św. Antoniego
2016-11-28 00:50:01.907;791;0;0;Parking Hala Stulecia
2016-11-28 00:50:48.227;493;0;0;Renoma
2016-11-28 00:55:00.017;285;0;0;Nowy Targ
2016-11-28 00:55:01.247;121;0;0;ul. św. Antoniego
2016-11-28 00:55:01.700;791;0;0;Parking Hala Stulecia
2016-11-28 01:00:00.057;285;0;0;Nowy Targ
2016-11-28 01:00:01.167;121;0;0;ul. św. Antoniego
2016-11-28 01:00:01.987;791;0;0;Parking Hala Stulecia
2016-11-28 01:00:47.883;523;0;0;Renoma
2016-11-28 01:05:00.017;285;0;0;Nowy Targ
2016-11-28 01:05:01.250;121;0;0;ul. św. Antoniego
2016-11-28 01:05:01.703;791;0;0;Parking Hala Stulecia
2016-11-28 01:10:00.020;285;0;0;Nowy Targ
2016-11-28 01:10:01.157;121;0;0;ul. św. Antoniego
2016-11-28 01:10:01.440;791;0;0;Parking Hala Stulecia
2016-11-28 01:10:47.390;495;0;0;Renoma
2016-11-28 01:15:00.107;285;0;0;Nowy Targ
2016-11-28 01:15:01.360;121;0;0;ul. św. Antoniego
2016-11-28 01:15:02.183;791;0;0;Parking Hala Stulecia
2016-11-28 01:20:00.027;285;0;0;Nowy Targ
2016-11-28 01:20:01.967;791;0;0;Parking Hala Stulecia
2016-11-28 01:20:02.103;121;0;0;ul. św. Antoniego
2016-11-28 01:20:47.427;462;0;0;Renoma
2016-11-28 01:25:00.017;285;0;0;Nowy Targ
2016-11-28 01:25:01.653;791;0;0;Parking Hala Stulecia
2016-11-28 01:25:01.920;121;0;0;ul. św. Antoniego
2016-11-28 01:30:00.017;285;0;0;Nowy Targ
2016-11-28 01:30:01.393;791;0;0;Parking Hala Stulecia
2016-11-28 01:30:01.683;121;0;0;ul. św. Antoniego
2016-11-28 01:30:46.857;522;0;0;Renoma
2016-11-28 01:35:00.017;285;0;0;Nowy Targ
2016-11-28 01:35:01.407;121;0;0;ul. św. Antoniego
2016-11-28 01:35:02.017;791;0;0;Parking Hala Stulecia
2016-11-28 01:40:00.017;285;0;0;Nowy Targ
2016-11-28 01:40:01.157;121;0;0;ul. św. Antoniego
2016-11-28 01:40:01.727;791;0;0;Parking Hala Stulecia
2016-11-28 01:40:46.363;501;0;0;Renoma
2016-11-28 01:45:00.017;285;0;0;Nowy Targ
2016-11-28 01:45:01.377;791;0;0;Parking Hala Stulecia
2016-11-28 01:45:01.927;121;0;0;ul. św. Antoniego
2016-11-28 01:50:00.020;285;0;0;Nowy Targ
2016-11-28 01:50:01.720;121;0;0;ul. św. Antoniego
2016-11-28 01:50:02.050;791;0;0;Parking Hala Stulecia
2016-11-28 01:50:46.323;496;0;0;Renoma
2016-11-28 01:55:00.017;285;0;0;Nowy Targ
2016-11-28 01:55:01.473;121;0;0;ul. św. Antoniego
2016-11-28 01:55:01.800;791;0;0;Parking Hala Stulecia
2016-11-28 02:00:00.020;285;0;0;Nowy Targ
2016-11-28 02:00:01.277;121;0;0;ul. św. Antoniego
2016-11-28 02:00:01.643;791;0;0;Parking Hala Stulecia
2016-11-28 02:00:46.390;517;0;0;Renoma
2016-11-28 02:05:00.017;285;0;0;Nowy Targ
2016-11-28 02:05:01.207;121;0;1;ul. św. Antoniego
2016-11-28 02:05:01.813;791;0;0;Parking Hala Stulecia
2016-11-28 02:10:00.017;285;0;0;Nowy Targ
2016-11-28 02:10:01.473;791;0;0;Parking Hala Stulecia
2016-11-28 02:10:02.007;121;0;0;ul. św. Antoniego
2016-11-28 02:10:46.110;487;0;0;Renoma
2016-11-28 02:15:00.017;285;0;0;Nowy Targ
2016-11-28 02:15:01.860;121;0;0;ul. św. Antoniego
2016-11-28 02:15:02.107;791;0;0;Parking Hala Stulecia
2016-11-28 02:20:00.020;285;0;0;Nowy Targ
2016-11-28 02:20:01.643;121;0;0;ul. św. Antoniego
2016-11-28 02:20:01.970;791;0;0;Parking Hala Stulecia
2016-11-28 02:20:45.527;474;0;0;Renoma
2016-11-28 02:25:00.020;285;0;0;Nowy Targ
2016-11-28 02:25:01.493;121;0;0;ul. św. Antoniego
2016-11-28 02:25:01.810;791;0;0;Parking Hala Stulecia
2016-11-28 02:30:00.020;285;0;0;Nowy Targ
2016-11-28 02:30:01.300;121;0;0;ul. św. Antoniego
2016-11-28 02:30:01.603;791;0;0;Parking Hala Stulecia
2016-11-28 02:30:44.930;471;0;0;Renoma
2016-11-28 02:35:00.017;285;0;0;Nowy Targ
2016-11-28 02:35:01.377;791;0;0;Parking Hala Stulecia
2016-11-28 02:35:02.087;121;0;0;ul. św. Antoniego
2016-11-28 02:40:00.013;285;0;0;Nowy Targ
2016-11-28 02:40:01.867;121;0;0;ul. św. Antoniego
2016-11-28 02:40:02.120;791;0;0;Parking Hala Stulecia
2016-11-28 02:40:44.307;471;0;0;Renoma
2016-11-28 02:45:00.017;285;0;0;Nowy Targ
2016-11-28 02:45:01.620;121;0;0;ul. św. Antoniego
2016-11-28 02:45:01.967;791;0;0;Parking Hala Stulecia
2016-11-28 02:50:00.013;285;0;0;Nowy Targ
2016-11-28 02:50:01.473;125;0;1;ul. św. Antoniego
2016-11-28 02:50:01.767;791;0;0;Parking Hala Stulecia
2016-11-28 02:50:43.920;456;0;0;Renoma
2016-11-28 02:55:00.017;285;0;0;Nowy Targ
2016-11-28 02:55:01.300;125;0;0;ul. św. Antoniego
2016-11-28 02:55:01.583;791;0;0;Parking Hala Stulecia
2016-11-28 03:00:00.013;285;0;0;Nowy Targ
2016-11-28 03:00:01.403;791;0;0;Parking Hala Stulecia
2016-11-28 03:00:02.130;125;0;0;ul. św. Antoniego
2016-11-28 03:00:43.447;484;0;0;Renoma
2016-11-28 03:05:00.010;285;0;0;Nowy Targ
2016-11-28 03:05:01.850;125;0;0;ul. św. Antoniego
2016-11-28 03:05:02.000;791;0;0;Parking Hala Stulecia
2016-11-28 03:10:00.017;285;0;0;Nowy Targ
2016-11-28 03:10:01.670;791;0;0;Parking Hala Stulecia
2016-11-28 03:10:01.927;125;0;0;ul. św. Antoniego
2016-11-28 03:10:42.943;437;0;0;Renoma
2016-11-28 03:15:00.013;285;0;0;Nowy Targ
2016-11-28 03:15:01.850;125;0;0;ul. św. Antoniego
2016-11-28 03:15:01.903;791;0;0;Parking Hala Stulecia
2016-11-28 03:20:00.017;285;0;0;Nowy Targ
2016-11-28 03:20:01.793;791;0;0;Parking Hala Stulecia
2016-11-28 03:20:01.880;125;0;0;ul. św. Antoniego
2016-11-28 03:20:42.620;444;0;0;Renoma
2016-11-28 03:25:00.017;285;0;0;Nowy Targ
2016-11-28 03:25:01.487;791;0;0;Parking Hala Stulecia
2016-11-28 03:25:01.683;125;0;0;ul. św. Antoniego
2016-11-28 03:30:00.020;285;0;0;Nowy Targ
2016-11-28 03:30:01.530;125;0;0;ul. św. Antoniego
2016-11-28 03:30:02.143;791;0;0;Parking Hala Stulecia
2016-11-28 03:30:42.093;467;0;0;Renoma
2016-11-28 03:35:00.017;285;0;0;Nowy Targ
2016-11-28 03:35:01.240;125;0;0;ul. św. Antoniego
2016-11-28 03:35:01.870;790;1;0;Parking Hala Stulecia
2016-11-28 03:40:00.017;285;0;0;Nowy Targ
2016-11-28 03:40:01.677;791;0;1;Parking Hala Stulecia
2016-11-28 03:40:01.973;125;0;0;ul. św. Antoniego
2016-11-28 03:40:41.840;473;0;0;Renoma
2016-11-28 03:45:00.047;285;0;0;Nowy Targ
2016-11-28 03:45:01.417;791;0;0;Parking Hala Stulecia
2016-11-28 03:45:01.793;125;0;0;ul. św. Antoniego
2016-11-28 03:50:00.017;285;0;0;Nowy Targ
2016-11-28 03:50:01.610;125;0;0;ul. św. Antoniego
2016-11-28 03:50:02.123;791;0;0;Parking Hala Stulecia
2016-11-28 03:50:41.340;450;0;0;Renoma
2016-11-28 03:55:00.013;285;0;0;Nowy Targ
2016-11-28 03:55:01.330;791;0;0;Parking Hala Stulecia
2016-11-28 03:55:02.003;125;0;0;ul. św. Antoniego
2016-11-28 04:00:00.017;285;0;0;Nowy Targ
2016-11-28 04:00:01.817;125;0;0;ul. św. Antoniego
2016-11-28 04:00:01.907;791;0;0;Parking Hala Stulecia
2016-11-28 04:00:41.163;442;0;0;Renoma
2016-11-28 04:05:00.017;285;0;0;Nowy Targ
2016-11-28 04:05:01.557;791;0;0;Parking Hala Stulecia
2016-11-28 04:05:01.830;125;0;0;ul. św. Antoniego
2016-11-28 04:10:00.023;285;0;0;Nowy Targ
2016-11-28 04:10:01.610;125;0;0;ul. św. Antoniego
2016-11-28 04:10:02.157;791;0;0;Parking Hala Stulecia
2016-11-28 04:10:40.900;447;0;0;Renoma
2016-11-28 04:15:00.017;285;0;0;Nowy Targ
2016-11-28 04:15:01.363;125;0;0;ul. św. Antoniego
2016-11-28 04:15:01.533;791;0;0;Parking Hala Stulecia
2016-11-28 04:20:00.020;285;0;0;Nowy Targ
2016-11-28 04:20:01.307;791;0;0;Parking Hala Stulecia
2016-11-28 04:20:01.527;125;0;0;ul. św. Antoniego
2016-11-28 04:20:40.357;434;0;0;Renoma
2016-11-28 04:25:00.017;285;0;0;Nowy Targ
2016-11-28 04:25:01.297;125;0;0;ul. św. Antoniego
2016-11-28 04:25:01.980;791;0;0;Parking Hala Stulecia
2016-11-28 04:30:00.020;285;0;0;Nowy Targ
2016-11-28 04:30:01.713;791;0;0;Parking Hala Stulecia
2016-11-28 04:30:02.093;125;0;0;ul. św. Antoniego
2016-11-28 04:30:39.780;474;0;0;Renoma
2016-11-28 04:35:00.013;285;0;0;Nowy Targ
2016-11-28 04:35:01.367;791;0;0;Parking Hala Stulecia
2016-11-28 04:35:01.947;125;0;0;ul. św. Antoniego
2016-11-28 04:40:00.017;285;0;0;Nowy Targ
2016-11-28 04:40:01.137;125;0;0;ul. św. Antoniego
2016-11-28 04:40:01.413;791;0;0;Parking Hala Stulecia
2016-11-28 04:40:39.557;449;0;0;Renoma
2016-11-28 04:45:00.017;285;0;0;Nowy Targ
2016-11-28 04:45:01.367;791;0;0;Parking Hala Stulecia
2016-11-28 04:45:01.947;125;0;0;ul. św. Antoniego
2016-11-28 04:50:00.017;285;0;0;Nowy Targ
2016-11-28 04:50:01.237;791;0;0;Parking Hala Stulecia
2016-11-28 04:50:01.830;125;0;0;ul. św. Antoniego
2016-11-28 04:50:39.117;468;0;0;Renoma
2016-11-28 04:55:00.017;285;0;0;Nowy Targ
2016-11-28 04:55:01.627;125;0;0;ul. św. Antoniego
2016-11-28 04:55:01.967;791;0;0;Parking Hala Stulecia
2016-11-28 05:00:00.017;285;0;0;Nowy Targ
2016-11-28 05:00:01.497;791;0;0;Parking Hala Stulecia
2016-11-28 05:00:01.733;125;0;0;ul. św. Antoniego
2016-11-28 05:00:38.807;439;0;0;Renoma
2016-11-28 05:05:00.017;285;0;0;Nowy Targ
2016-11-28 05:05:01.487;125;0;0;ul. św. Antoniego
2016-11-28 05:05:02.157;791;0;0;Parking Hala Stulecia
2016-11-28 05:10:00.017;285;0;0;Nowy Targ
2016-11-28 05:10:01.463;125;0;0;ul. św. Antoniego
2016-11-28 05:10:01.883;791;0;0;Parking Hala Stulecia
2016-11-28 05:10:38.603;511;0;0;Renoma
2016-11-28 05:15:00.017;285;0;0;Nowy Targ
2016-11-28 05:15:01.407;125;0;0;ul. św. Antoniego
2016-11-28 05:15:01.850;791;0;0;Parking Hala Stulecia
2016-11-28 05:20:00.020;285;0;0;Nowy Targ
2016-11-28 05:20:01.367;791;0;0;Parking Hala Stulecia
2016-11-28 05:20:01.663;125;0;0;ul. św. Antoniego
2016-11-28 05:20:38.507;501;0;0;Renoma
2016-11-28 05:25:00.017;286;0;1;Nowy Targ
2016-11-28 05:25:01.440;791;0;0;Parking Hala Stulecia
2016-11-28 05:25:02.137;125;0;0;ul. św. Antoniego
2016-11-28 05:30:00.020;286;0;0;Nowy Targ
2016-11-28 05:30:01.280;125;0;0;ul. św. Antoniego
2016-11-28 05:30:01.643;791;0;0;Parking Hala Stulecia
2016-11-28 05:30:38.273;494;0;0;Renoma
2016-11-28 05:35:00.017;286;0;0;Nowy Targ
2016-11-28 05:35:01.337;791;0;0;Parking Hala Stulecia
2016-11-28 05:35:01.627;125;0;0;ul. św. Antoniego
2016-11-28 05:40:00.020;286;0;0;Nowy Targ
2016-11-28 05:40:01.430;791;0;0;Parking Hala Stulecia
2016-11-28 05:40:01.967;125;0;0;ul. św. Antoniego
2016-11-28 05:40:37.837;511;0;0;Renoma
2016-11-28 05:45:00.017;286;0;0;Nowy Targ
2016-11-28 05:45:01.787;125;0;0;ul. św. Antoniego
2016-11-28 05:45:02.180;791;0;0;Parking Hala Stulecia
2016-11-28 05:50:00.020;285;1;0;Nowy Targ
2016-11-28 05:50:01.557;125;0;0;ul. św. Antoniego
2016-11-28 05:50:01.920;791;0;0;Parking Hala Stulecia
2016-11-28 05:50:37.660;474;0;0;Renoma
2016-11-28 05:55:00.027;285;0;0;Nowy Targ
2016-11-28 05:55:01.437;791;0;0;Parking Hala Stulecia
2016-11-28 05:55:01.750;125;0;0;ul. św. Antoniego
2016-11-28 06:00:00.023;285;0;0;Nowy Targ
2016-11-28 06:00:01.197;124;1;0;ul. św. Antoniego
2016-11-28 06:00:01.607;791;0;0;Parking Hala Stulecia
2016-11-28 06:00:37.613;507;0;0;Renoma
2016-11-28 06:05:00.017;285;0;0;Nowy Targ
2016-11-28 06:05:01.340;791;0;0;Parking Hala Stulecia
2016-11-28 06:05:01.570;124;0;0;ul. św. Antoniego
2016-11-28 06:10:00.020;285;0;0;Nowy Targ
2016-11-28 06:10:01.343;124;0;0;ul. św. Antoniego
2016-11-28 06:10:02.183;791;0;0;Parking Hala Stulecia
2016-11-28 06:10:37.447;443;0;0;Renoma
2016-11-28 06:15:00.013;287;0;2;Nowy Targ
2016-11-28 06:15:01.410;791;0;0;Parking Hala Stulecia
2016-11-28 06:15:01.550;124;0;0;ul. św. Antoniego
2016-11-28 06:20:00.020;287;0;0;Nowy Targ
2016-11-28 06:20:01.157;125;0;1;ul. św. Antoniego
2016-11-28 06:20:01.513;791;0;0;Parking Hala Stulecia
2016-11-28 06:20:36.897;462;0;0;Renoma
2016-11-28 06:25:00.017;286;1;0;Nowy Targ
2016-11-28 06:25:01.327;125;0;0;ul. św. Antoniego
2016-11-28 06:25:02.027;791;0;0;Parking Hala Stulecia
2016-11-28 06:30:00.020;286;0;0;Nowy Targ
2016-11-28 06:30:01.147;124;1;0;ul. św. Antoniego
2016-11-28 06:30:01.737;791;0;0;Parking Hala Stulecia
2016-11-28 06:30:36.840;514;0;0;Renoma
2016-11-28 06:35:00.027;286;0;0;Nowy Targ
2016-11-28 06:35:01.523;122;1;1;ul. św. Antoniego
2016-11-28 06:35:02.160;791;0;0;Parking Hala Stulecia
2016-11-28 06:40:00.017;286;0;0;Nowy Targ
2016-11-28 06:40:01.383;791;0;0;Parking Hala Stulecia
2016-11-28 06:40:01.703;122;0;0;ul. św. Antoniego
2016-11-28 06:40:36.843;480;0;0;Renoma
2016-11-28 06:45:00.017;287;0;1;Nowy Targ
2016-11-28 06:45:01.607;122;0;1;ul. św. Antoniego
2016-11-28 06:45:02.063;791;0;0;Parking Hala Stulecia
2016-11-28 06:50:00.017;286;1;0;Nowy Targ
2016-11-28 06:50:01.670;791;0;0;Parking Hala Stulecia
2016-11-28 06:50:01.863;122;0;0;ul. św. Antoniego
2016-11-28 06:50:36.137;475;0;0;Renoma
2016-11-28 06:55:00.017;285;2;1;Nowy Targ
2016-11-28 06:55:01.170;122;0;0;ul. św. Antoniego
2016-11-28 06:55:01.340;791;0;0;Parking Hala Stulecia
2016-11-28 07:00:00.017;283;2;0;Nowy Targ
2016-11-28 07:00:01.230;126;0;1;ul. św. Antoniego
2016-11-28 07:00:01.993;791;1;1;Parking Hala Stulecia
2016-11-28 07:00:35.987;487;0;0;Renoma
2016-11-28 07:05:00.013;279;4;0;Nowy Targ
2016-11-28 07:05:01.460;791;0;0;Parking Hala Stulecia
2016-11-28 07:05:01.597;126;0;0;ul. św. Antoniego
2016-11-28 07:10:00.017;275;4;0;Nowy Targ
2016-11-28 07:10:01.490;126;0;0;ul. św. Antoniego
2016-11-28 07:10:01.737;791;0;0;Parking Hala Stulecia
2016-11-28 07:10:35.363;425;0;0;Renoma
2016-11-28 07:15:00.013;274;1;0;Nowy Targ
2016-11-28 07:15:01.377;126;1;1;ul. św. Antoniego
2016-11-28 07:15:01.750;791;0;0;Parking Hala Stulecia
2016-11-28 07:20:00.017;270;5;1;Nowy Targ
2016-11-28 07:20:01.203;126;0;0;ul. św. Antoniego
2016-11-28 07:20:01.523;791;0;0;Parking Hala Stulecia
2016-11-28 07:20:34.910;480;0;0;Renoma
2016-11-28 07:25:00.017;267;3;0;Nowy Targ
2016-11-28 07:25:01.397;126;0;0;ul. św. Antoniego
2016-11-28 07:25:02.040;791;0;0;Parking Hala Stulecia
2016-11-28 07:30:00.017;266;2;1;Nowy Targ
2016-11-28 07:30:01.363;126;0;0;ul. św. Antoniego
2016-11-28 07:30:01.810;791;0;0;Parking Hala Stulecia
2016-11-28 07:30:34.627;480;0;0;Renoma
2016-11-28 07:35:00.013;259;8;1;Nowy Targ
2016-11-28 07:35:01.257;126;0;0;ul. św. Antoniego
2016-11-28 07:35:01.680;791;0;0;Parking Hala Stulecia
2016-11-28 07:40:00.013;250;9;0;Nowy Targ
2016-11-28 07:40:01.307;126;0;0;ul. św. Antoniego
2016-11-28 07:40:01.990;791;0;0;Parking Hala Stulecia
2016-11-28 07:40:34.260;438;0;0;Renoma
2016-11-28 07:45:00.023;241;9;0;Nowy Targ
2016-11-28 07:45:01.227;126;0;0;ul. św. Antoniego
2016-11-28 07:45:01.787;791;0;0;Parking Hala Stulecia
2016-11-28 07:50:00.017;232;9;0;Nowy Targ
2016-11-28 07:50:01.470;125;1;0;ul. św. Antoniego
2016-11-28 07:50:02.147;791;0;0;Parking Hala Stulecia
2016-11-28 07:50:34.230;507;0;0;Renoma
2016-11-28 07:55:00.020;222;10;0;Nowy Targ
2016-11-28 07:55:01.570;125;0;0;ul. św. Antoniego
2016-11-28 07:55:02.133;791;0;0;Parking Hala Stulecia
2016-11-28 08:00:00.017;221;3;2;Nowy Targ
2016-11-28 08:00:01.367;791;1;0;Parking Hala Stulecia
2016-11-28 08:00:01.697;124;1;0;ul. św. Antoniego
2016-11-28 08:00:34.043;427;0;0;Renoma
2016-11-28 08:05:00.017;217;5;1;Nowy Targ
2016-11-28 08:05:01.217;122;2;0;ul. św. Antoniego
2016-11-28 08:05:01.583;792;0;1;Parking Hala Stulecia
2016-11-28 08:10:00.023;211;7;1;Nowy Targ
2016-11-28 08:10:01.423;121;1;0;ul. św. Antoniego
2016-11-28 08:10:01.993;792;0;0;Parking Hala Stulecia
2016-11-28 08:10:33.600;456;0;0;Renoma
2016-11-28 08:15:00.010;203;9;1;Nowy Targ
2016-11-28 08:15:01.387;117;3;0;ul. św. Antoniego
2016-11-28 08:15:02.003;791;1;0;Parking Hala Stulecia
2016-11-28 08:20:00.020;196;7;0;Nowy Targ
2016-11-28 08:20:01.523;791;0;0;Parking Hala Stulecia
2016-11-28 08:20:01.677;114;2;0;ul. św. Antoniego
2016-11-28 08:20:32.950;414;0;0;Renoma
2016-11-28 08:25:00.013;190;8;2;Nowy Targ
2016-11-28 08:25:01.367;790;1;0;Parking Hala Stulecia
2016-11-28 08:25:02.040;114;2;1;ul. św. Antoniego
2016-11-28 08:30:00.017;186;8;4;Nowy Targ
2016-11-28 08:30:01.277;110;3;0;ul. św. Antoniego
2016-11-28 08:30:01.560;790;0;0;Parking Hala Stulecia
2016-11-28 08:30:32.477;427;0;0;Renoma
2016-11-28 08:35:00.017;181;10;5;Nowy Targ
2016-11-28 08:35:01.293;790;0;0;Parking Hala Stulecia
2016-11-28 08:35:01.620;106;2;0;ul. św. Antoniego
2016-11-28 08:40:00.020;177;5;1;Nowy Targ
2016-11-28 08:40:01.413;789;1;0;Parking Hala Stulecia
2016-11-28 08:40:02.120;103;2;0;ul. św. Antoniego
2016-11-28 08:40:32.373;447;0;0;Renoma
2016-11-28 08:45:00.017;170;7;0;Nowy Targ
2016-11-28 08:45:01.423;100;2;0;ul. św. Antoniego
2016-11-28 08:45:01.593;789;0;0;Parking Hala Stulecia
2016-11-28 08:50:00.020;165;8;3;Nowy Targ
2016-11-28 08:50:01.343;788;1;0;Parking Hala Stulecia
2016-11-28 08:50:01.633;99;3;1;ul. św. Antoniego
2016-11-28 08:50:32.487;438;0;0;Renoma
2016-11-28 08:55:00.013;156;10;1;Nowy Targ
2016-11-28 08:55:01.527;96;3;0;ul. św. Antoniego
2016-11-28 08:55:02.197;789;0;1;Parking Hala Stulecia
2016-11-28 09:00:00.027;150;8;2;Nowy Targ
2016-11-28 09:00:01.543;93;3;0;ul. św. Antoniego
2016-11-28 09:00:02.123;789;0;0;Parking Hala Stulecia
2016-11-28 09:00:32.393;420;0;0;Renoma
2016-11-28 09:05:00.017;147;4;1;Nowy Targ
2016-11-28 09:05:01.133;93;0;0;ul. św. Antoniego
2016-11-28 09:05:01.413;789;0;0;Parking Hala Stulecia
2016-11-28 09:10:00.017;141;9;3;Nowy Targ
2016-11-28 09:10:01.463;789;0;0;Parking Hala Stulecia
2016-11-28 09:10:02.060;91;4;1;ul. św. Antoniego
2016-11-28 09:10:32.493;405;0;0;Renoma
2016-11-28 09:15:00.013;138;5;2;Nowy Targ
2016-11-28 09:15:01.290;789;0;0;Parking Hala Stulecia
2016-11-28 09:15:01.987;85;5;0;ul. św. Antoniego
2016-11-28 09:20:00.017;135;3;0;Nowy Targ
2016-11-28 09:20:01.233;789;0;0;Parking Hala Stulecia
2016-11-28 09:20:01.987;82;2;0;ul. św. Antoniego
2016-11-28 09:20:32.537;364;0;0;Renoma
2016-11-28 09:25:00.017;131;6;2;Nowy Targ
2016-11-28 09:25:02.033;81;1;0;ul. św. Antoniego
2016-11-28 09:25:02.117;789;0;0;Parking Hala Stulecia
2016-11-28 09:30:00.017;124;9;2;Nowy Targ
2016-11-28 09:30:01.413;80;2;1;ul. św. Antoniego
2016-11-28 09:30:02.000;789;0;0;Parking Hala Stulecia
2016-11-28 09:30:32.403;350;0;0;Renoma
2016-11-28 09:35:00.017;121;5;2;Nowy Targ
2016-11-28 09:35:01.283;79;1;0;ul. św. Antoniego
2016-11-28 09:35:01.807;789;0;0;Parking Hala Stulecia
2016-11-28 09:40:00.017;122;1;2;Nowy Targ
2016-11-28 09:40:01.500;789;0;0;Parking Hala Stulecia
2016-11-28 09:40:02.103;76;3;1;ul. św. Antoniego
2016-11-28 09:40:32.433;372;0;0;Renoma
2016-11-28 09:45:00.013;117;6;1;Nowy Targ
2016-11-28 09:45:01.270;788;1;0;Parking Hala Stulecia
2016-11-28 09:45:02.033;76;0;0;ul. św. Antoniego
2016-11-28 09:50:00.020;116;6;5;Nowy Targ
2016-11-28 09:50:01.853;72;2;0;ul. św. Antoniego
2016-11-28 09:50:02.120;788;0;0;Parking Hala Stulecia
2016-11-28 09:50:32.500;393;0;0;Renoma
2016-11-28 09:55:00.013;113;5;2;Nowy Targ
2016-11-28 09:55:01.650;66;5;1;ul. św. Antoniego
2016-11-28 09:55:01.967;788;0;0;Parking Hala Stulecia
2016-11-28 10:00:00.027;112;4;3;Nowy Targ
2016-11-28 10:00:01.423;71;1;4;ul. św. Antoniego
2016-11-28 10:00:01.823;788;0;0;Parking Hala Stulecia
2016-11-28 10:00:32.580;337;0;0;Renoma
2016-11-28 10:05:00.017;110;3;1;Nowy Targ
2016-11-28 10:05:01.217;70;1;1;ul. św. Antoniego
2016-11-28 10:05:01.500;785;4;1;Parking Hala Stulecia
2016-11-28 10:10:00.017;100;10;0;Nowy Targ
2016-11-28 10:10:01.437;783;2;0;Parking Hala Stulecia
2016-11-28 10:10:02.110;66;3;0;ul. św. Antoniego
2016-11-28 10:10:32.457;320;0;0;Renoma
2016-11-28 10:15:00.017;102;0;2;Nowy Targ
2016-11-28 10:15:01.310;783;0;0;Parking Hala Stulecia
2016-11-28 10:15:01.910;65;1;0;ul. św. Antoniego
2016-11-28 10:20:00.017;101;3;2;Nowy Targ
2016-11-28 10:20:01.553;63;1;0;ul. św. Antoniego
2016-11-28 10:20:02.007;783;0;0;Parking Hala Stulecia
2016-11-28 10:20:32.463;347;0;0;Renoma
2016-11-28 10:25:00.017;103;1;3;Nowy Targ
2016-11-28 10:25:01.347;59;3;1;ul. św. Antoniego
2016-11-28 10:25:01.727;783;0;0;Parking Hala Stulecia
2016-11-28 10:30:00.013;102;3;2;Nowy Targ
2016-11-28 10:30:01.467;782;1;0;Parking Hala Stulecia
2016-11-28 10:30:02.107;58;2;1;ul. św. Antoniego
2016-11-28 10:30:32.483;330;0;0;Renoma
2016-11-28 10:35:00.013;101;5;4;Nowy Targ
2016-11-28 10:35:01.510;782;0;0;Parking Hala Stulecia
2016-11-28 10:35:01.913;56;1;0;ul. św. Antoniego
2016-11-28 10:40:00.017;106;0;5;Nowy Targ
2016-11-28 10:40:01.770;52;2;0;ul. św. Antoniego
2016-11-28 10:40:02.183;781;1;0;Parking Hala Stulecia
2016-11-28 10:40:32.457;357;0;0;Renoma
2016-11-28 10:45:00.017;108;2;4;Nowy Targ
2016-11-28 10:45:01.697;54;1;2;ul. św. Antoniego
2016-11-28 10:45:02.077;781;0;0;Parking Hala Stulecia
2016-11-28 10:50:00.020;107;4;3;Nowy Targ
2016-11-28 10:50:01.577;54;3;3;ul. św. Antoniego
2016-11-28 10:50:01.870;780;1;0;Parking Hala Stulecia
2016-11-28 10:50:32.443;352;0;0;Renoma
2016-11-28 10:55:00.013;109;3;5;Nowy Targ
2016-11-28 10:55:01.337;51;2;0;ul. św. Antoniego
2016-11-28 10:55:01.677;778;2;0;Parking Hala Stulecia
2016-11-28 11:00:00.017;109;2;2;Nowy Targ
2016-11-28 11:00:01.547;774;4;0;Parking Hala Stulecia
2016-11-28 11:00:02.117;51;1;1;ul. św. Antoniego
2016-11-28 11:00:32.490;352;0;0;Renoma
2016-11-28 11:05:00.017;109;3;3;Nowy Targ
2016-11-28 11:05:01.403;774;0;0;Parking Hala Stulecia
2016-11-28 11:05:02.070;58;0;4;ul. św. Antoniego
2016-11-28 11:10:00.017;109;2;2;Nowy Targ
2016-11-28 11:10:01.917;56;1;0;ul. św. Antoniego
2016-11-28 11:10:02.060;773;1;0;Parking Hala Stulecia
2016-11-28 11:10:32.447;338;0;0;Renoma
2016-11-28 11:15:00.010;111;1;3;Nowy Targ
2016-11-28 11:15:01.167;52;2;0;ul. św. Antoniego
2016-11-28 11:15:02.013;773;1;1;Parking Hala Stulecia
2016-11-28 11:20:00.017;110;4;3;Nowy Targ
2016-11-28 11:20:01.217;53;1;2;ul. św. Antoniego
2016-11-28 11:20:01.847;771;2;1;Parking Hala Stulecia
2016-11-28 11:20:32.420;317;0;0;Renoma
2016-11-28 11:25:00.017;111;2;3;Nowy Targ
2016-11-28 11:25:01.630;770;1;0;Parking Hala Stulecia
2016-11-28 11:25:02.020;51;1;0;ul. św. Antoniego
2016-11-28 11:30:00.027;109;7;5;Nowy Targ
2016-11-28 11:30:01.223;767;3;0;Parking Hala Stulecia
2016-11-28 11:30:02.070;52;1;2;ul. św. Antoniego
2016-11-28 11:30:32.500;345;0;0;Renoma
2016-11-28 11:35:00.017;109;3;3;Nowy Targ
2016-11-28 11:35:01.927;52;1;1;ul. św. Antoniego
2016-11-28 11:35:02.123;766;1;0;Parking Hala Stulecia
2016-11-28 11:40:00.017;111;2;4;Nowy Targ
2016-11-28 11:40:01.397;56;2;3;ul. św. Antoniego
2016-11-28 11:40:01.800;767;0;1;Parking Hala Stulecia
2016-11-28 11:40:32.550;346;0;0;Renoma
2016-11-28 11:45:00.017;108;7;4;Nowy Targ
2016-11-28 11:45:01.167;58;0;1;ul. św. Antoniego
2016-11-28 11:45:01.617;766;2;1;Parking Hala Stulecia
2016-11-28 11:50:00.020;106;4;2;Nowy Targ
2016-11-28 11:50:01.677;60;1;2;ul. św. Antoniego
2016-11-28 11:50:02.127;765;1;0;Parking Hala Stulecia
2016-11-28 11:50:32.457;310;0;0;Renoma
2016-11-28 11:55:00.013;108;5;7;Nowy Targ
2016-11-28 11:55:01.523;60;0;0;ul. św. Antoniego
2016-11-28 11:55:02.027;764;1;0;Parking Hala Stulecia
2016-11-28 12:00:00.017;109;4;5;Nowy Targ
2016-11-28 12:00:01.413;56;4;2;ul. św. Antoniego
2016-11-28 12:00:01.870;765;2;3;Parking Hala Stulecia
2016-11-28 12:00:32.423;297;0;0;Renoma
2016-11-28 12:05:00.013;106;6;3;Nowy Targ
2016-11-28 12:05:01.270;52;2;0;ul. św. Antoniego
2016-11-28 12:05:01.740;767;0;2;Parking Hala Stulecia
2016-11-28 12:10:00.017;110;1;5;Nowy Targ
2016-11-28 12:10:01.477;768;0;1;Parking Hala Stulecia
2016-11-28 12:10:02.107;48;2;0;ul. św. Antoniego
2016-11-28 12:10:32.553;332;0;0;Renoma
2016-11-28 12:15:00.017;105;7;2;Nowy Targ
2016-11-28 12:15:01.343;768;0;0;Parking Hala Stulecia
2016-11-28 12:15:01.983;48;0;0;ul. św. Antoniego
2016-11-28 12:20:00.017;106;4;5;Nowy Targ
2016-11-28 12:20:01.843;47;1;0;ul. św. Antoniego
2016-11-28 12:20:02.147;768;1;1;Parking Hala Stulecia
2016-11-28 12:20:32.530;360;0;0;Renoma
2016-11-28 12:25:00.017;107;6;7;Nowy Targ
2016-11-28 12:25:01.597;52;1;3;ul. św. Antoniego
2016-11-28 12:25:01.930;767;1;0;Parking Hala Stulecia
2016-11-28 12:30:00.017;105;4;2;Nowy Targ
2016-11-28 12:30:01.420;55;0;2;ul. św. Antoniego
2016-11-28 12:30:01.773;766;1;0;Parking Hala Stulecia
2016-11-28 12:30:32.403;327;0;0;Renoma
2016-11-28 12:35:00.017;109;1;5;Nowy Targ
2016-11-28 12:35:01.167;55;0;0;ul. św. Antoniego
2016-11-28 12:35:01.597;766;1;1;Parking Hala Stulecia
2016-11-28 12:40:00.020;107;4;2;Nowy Targ
2016-11-28 12:40:01.307;766;1;1;Parking Hala Stulecia
2016-11-28 12:40:02.000;52;3;1;ul. św. Antoniego
2016-11-28 12:40:32.500;301;0;0;Renoma
2016-11-28 12:45:00.017;107;3;3;Nowy Targ
2016-11-28 12:45:01.857;55;2;4;ul. św. Antoniego
2016-11-28 12:45:02.197;766;0;0;Parking Hala Stulecia
2016-11-28 12:50:00.017;104;5;2;Nowy Targ
2016-11-28 12:50:01.270;767;0;1;Parking Hala Stulecia
2016-11-28 12:50:01.783;57;1;2;ul. św. Antoniego
2016-11-28 12:50:32.513;320;0;0;Renoma
2016-11-28 12:55:00.017;105;1;2;Nowy Targ
2016-11-28 12:55:01.607;55;1;0;ul. św. Antoniego
2016-11-28 12:55:02.163;767;0;0;Parking Hala Stulecia
2016-11-28 13:00:00.020;106;6;7;Nowy Targ
2016-11-28 13:00:01.457;54;1;0;ul. św. Antoniego
2016-11-28 13:00:01.990;768;0;1;Parking Hala Stulecia
2016-11-28 13:00:32.420;365;0;0;Renoma
2016-11-28 13:05:00.017;107;7;8;Nowy Targ
2016-11-28 13:05:01.323;58;0;2;ul. św. Antoniego
2016-11-28 13:05:01.747;767;2;1;Parking Hala Stulecia
2016-11-28 13:10:00.020;110;4;7;Nowy Targ
2016-11-28 13:10:01.347;58;1;1;ul. św. Antoniego
2016-11-28 13:10:01.533;767;1;1;Parking Hala Stulecia
2016-11-28 13:10:32.467;331;0;0;Renoma
2016-11-28 13:15:00.013;107;5;2;Nowy Targ
2016-11-28 13:15:01.203;62;0;2;ul. św. Antoniego
2016-11-28 13:15:01.247;767;0;0;Parking Hala Stulecia
2016-11-28 13:20:00.020;106;3;2;Nowy Targ
2016-11-28 13:20:01.207;62;2;2;ul. św. Antoniego
2016-11-28 13:20:02.053;766;2;1;Parking Hala Stulecia
2016-11-28 13:20:32.573;372;0;0;Renoma
2016-11-28 13:25:00.020;108;4;6;Nowy Targ
2016-11-28 13:25:01.870;761;6;1;Parking Hala Stulecia
2016-11-28 13:25:02.033;60;3;2;ul. św. Antoniego
2016-11-28 13:30:00.020;108;4;4;Nowy Targ
2016-11-28 13:30:01.727;761;0;0;Parking Hala Stulecia
2016-11-28 13:30:01.983;56;2;0;ul. św. Antoniego
2016-11-28 13:30:32.403;329;0;0;Renoma
2016-11-28 13:35:00.017;107;4;3;Nowy Targ
2016-11-28 13:35:01.377;760;1;0;Parking Hala Stulecia
2016-11-28 13:35:01.893;55;1;0;ul. św. Antoniego
2016-11-28 13:40:00.020;105;5;3;Nowy Targ
2016-11-28 13:40:01.283;761;1;2;Parking Hala Stulecia
2016-11-28 13:40:01.837;57;0;1;ul. św. Antoniego
2016-11-28 13:40:21.363;344;0;0;Renoma
2016-11-28 13:45:00.017;107;3;5;Nowy Targ
2016-11-28 13:45:01.703;64;0;4;ul. św. Antoniego
2016-11-28 13:45:02.160;759;2;0;Parking Hala Stulecia
2016-11-28 13:50:00.020;106;5;4;Nowy Targ
2016-11-28 13:50:01.470;62;1;0;ul. św. Antoniego
2016-11-28 13:50:01.970;758;2;1;Parking Hala Stulecia
2016-11-28 13:50:21.400;363;0;0;Renoma
2016-11-28 13:55:00.057;106;4;4;Nowy Targ
2016-11-28 13:55:01.283;63;1;1;ul. św. Antoniego
2016-11-28 13:55:01.857;760;0;2;Parking Hala Stulecia
2016-11-28 14:00:00.020;107;4;5;Nowy Targ
2016-11-28 14:00:01.143;63;0;0;ul. św. Antoniego
2016-11-28 14:00:01.693;762;0;2;Parking Hala Stulecia
2016-11-28 14:00:21.007;315;0;0;Renoma
2016-11-28 14:05:00.017;102;7;2;Nowy Targ
2016-11-28 14:05:01.500;762;0;0;Parking Hala Stulecia
2016-11-28 14:05:01.947;73;0;5;ul. św. Antoniego
2016-11-28 14:10:00.027;105;2;5;Nowy Targ
2016-11-28 14:10:01.333;763;0;1;Parking Hala Stulecia
2016-11-28 14:10:01.910;72;1;0;ul. św. Antoniego
2016-11-28 14:10:20.790;330;0;0;Renoma
2016-11-28 14:15:00.017;104;2;1;Nowy Targ
2016-11-28 14:15:01.780;73;1;1;ul. św. Antoniego
2016-11-28 14:15:02.147;763;0;0;Parking Hala Stulecia
2016-11-28 14:20:00.017;104;5;5;Nowy Targ
2016-11-28 14:20:01.630;75;0;1;ul. św. Antoniego
2016-11-28 14:20:02.110;766;0;3;Parking Hala Stulecia
2016-11-28 14:20:20.443;367;0;0;Renoma
2016-11-28 14:25:00.017;108;2;6;Nowy Targ
2016-11-28 14:25:01.623;73;1;0;ul. św. Antoniego
2016-11-28 14:25:01.920;765;1;0;Parking Hala Stulecia
2016-11-28 14:30:00.020;113;0;5;Nowy Targ
2016-11-28 14:30:01.883;765;0;0;Parking Hala Stulecia
2016-11-28 14:30:02.130;75;0;1;ul. św. Antoniego
2016-11-28 14:30:20.373;338;0;0;Renoma
2016-11-28 14:35:00.020;116;2;5;Nowy Targ
2016-11-28 14:35:01.773;768;1;4;Parking Hala Stulecia
2016-11-28 14:35:02.093;75;0;0;ul. św. Antoniego
2016-11-28 14:40:00.020;118;0;2;Nowy Targ
2016-11-28 14:40:01.680;768;1;1;Parking Hala Stulecia
2016-11-28 14:40:02.030;76;1;2;ul. św. Antoniego
2016-11-28 14:40:20.087;322;0;0;Renoma
2016-11-28 14:45:00.017;113;6;1;Nowy Targ
2016-11-28 14:45:01.623;771;1;4;Parking Hala Stulecia
2016-11-28 14:45:01.817;76;0;1;ul. św. Antoniego
2016-11-28 14:50:00.017;111;5;3;Nowy Targ
2016-11-28 14:50:01.380;773;1;3;Parking Hala Stulecia
2016-11-28 14:50:01.663;74;1;0;ul. św. Antoniego
2016-11-28 14:50:19.693;349;0;0;Renoma
2016-11-28 14:55:00.013;112;2;3;Nowy Targ
2016-11-28 14:55:01.507;75;0;1;ul. św. Antoniego
2016-11-28 14:55:02.203;774;1;2;Parking Hala Stulecia
2016-11-28 15:00:00.017;115;3;6;Nowy Targ
2016-11-28 15:00:01.407;71;3;1;ul. św. Antoniego
2016-11-28 15:00:02.090;774;0;0;Parking Hala Stulecia
2016-11-28 15:00:19.307;359;0;0;Renoma
2016-11-28 15:05:00.017;119;3;7;Nowy Targ
2016-11-28 15:05:01.240;71;0;0;ul. św. Antoniego
2016-11-28 15:05:01.833;774;0;0;Parking Hala Stulecia
2016-11-28 15:10:00.050;119;5;5;Nowy Targ
2016-11-28 15:10:01.523;775;0;1;Parking Hala Stulecia
2016-11-28 15:10:02.033;72;1;1;ul. św. Antoniego
2016-11-28 15:10:19.050;377;0;0;Renoma
2016-11-28 15:15:00.017;121;2;4;Nowy Targ
2016-11-28 15:15:01.440;774;1;0;Parking Hala Stulecia
2016-11-28 15:15:01.853;72;0;0;ul. św. Antoniego
2016-11-28 15:20:00.017;128;0;7;Nowy Targ
2016-11-28 15:20:01.210;775;2;3;Parking Hala Stulecia
2016-11-28 15:20:01.627;72;0;0;ul. św. Antoniego
2016-11-28 15:20:18.717;375;0;0;Renoma
2016-11-28 15:25:00.017;130;1;3;Nowy Targ
2016-11-28 15:25:01.377;70;2;0;ul. św. Antoniego
2016-11-28 15:25:01.990;775;1;1;Parking Hala Stulecia
2016-11-28 15:30:00.017;132;1;3;Nowy Targ
2016-11-28 15:30:01.197;72;0;1;ul. św. Antoniego
2016-11-28 15:30:01.777;776;0;1;Parking Hala Stulecia
2016-11-28 15:30:18.773;357;0;0;Renoma
2016-11-28 15:35:00.017;132;3;3;Nowy Targ
2016-11-28 15:35:01.577;779;0;3;Parking Hala Stulecia
2016-11-28 15:35:02.100;72;1;2;ul. św. Antoniego
2016-11-28 15:40:00.013;131;4;3;Nowy Targ
2016-11-28 15:40:01.527;781;0;2;Parking Hala Stulecia
2016-11-28 15:40:01.927;72;0;0;ul. św. Antoniego
2016-11-28 15:40:32.547;356;0;0;Renoma
2016-11-28 15:45:00.017;131;1;1;Nowy Targ
2016-11-28 15:45:01.437;781;0;0;Parking Hala Stulecia
2016-11-28 15:45:01.723;72;1;1;ul. św. Antoniego
2016-11-28 15:50:00.017;135;3;7;Nowy Targ
2016-11-28 15:50:01.573;71;1;0;ul. św. Antoniego
2016-11-28 15:50:02.183;783;0;2;Parking Hala Stulecia
2016-11-28 15:50:32.393;362;0;0;Renoma
2016-11-28 15:55:00.017;137;4;6;Nowy Targ
2016-11-28 15:55:01.440;71;1;1;ul. św. Antoniego
2016-11-28 15:55:02.090;783;0;0;Parking Hala Stulecia
2016-11-28 16:00:00.020;140;0;3;Nowy Targ
2016-11-28 16:00:01.327;68;2;0;ul. św. Antoniego
2016-11-28 16:00:02.050;783;0;0;Parking Hala Stulecia
2016-11-28 16:00:32.477;407;0;0;Renoma
2016-11-28 16:05:00.017;144;2;6;Nowy Targ
2016-11-28 16:05:01.183;71;0;2;ul. św. Antoniego
2016-11-28 16:05:01.870;785;0;2;Parking Hala Stulecia
2016-11-28 16:10:00.023;147;3;6;Nowy Targ
2016-11-28 16:10:01.643;786;0;1;Parking Hala Stulecia
2016-11-28 16:10:02.003;67;2;0;ul. św. Antoniego
2016-11-28 16:10:32.563;382;0;0;Renoma
2016-11-28 16:15:00.017;156;2;11;Nowy Targ
2016-11-28 16:15:01.790;71;0;3;ul. św. Antoniego
2016-11-28 16:15:02.133;788;0;2;Parking Hala Stulecia
2016-11-28 16:20:00.017;167;2;13;Nowy Targ
2016-11-28 16:20:01.757;72;1;2;ul. św. Antoniego
2016-11-28 16:20:02.123;789;0;1;Parking Hala Stulecia
2016-11-28 16:20:32.437;381;0;0;Renoma
2016-11-28 16:25:00.020;170;3;6;Nowy Targ
2016-11-28 16:25:01.557;72;1;1;ul. św. Antoniego
2016-11-28 16:25:02.017;790;0;1;Parking Hala Stulecia
2016-11-28 16:30:00.023;176;2;8;Nowy Targ
2016-11-28 16:30:01.433;71;1;1;ul. św. Antoniego
2016-11-28 16:30:01.787;789;1;0;Parking Hala Stulecia
2016-11-28 16:30:32.460;385;0;0;Renoma
2016-11-28 16:35:00.017;182;0;6;Nowy Targ
2016-11-28 16:35:01.267;70;1;1;ul. św. Antoniego
2016-11-28 16:35:01.417;789;0;0;Parking Hala Stulecia
2016-11-28 16:40:00.017;183;3;4;Nowy Targ
2016-11-28 16:40:01.333;68;1;0;ul. św. Antoniego
2016-11-28 16:40:02.123;790;0;1;Parking Hala Stulecia
2016-11-28 16:40:32.553;400;0;0;Renoma
2016-11-28 16:45:00.017;185;2;4;Nowy Targ
2016-11-28 16:45:01.940;790;0;0;Parking Hala Stulecia
2016-11-28 16:45:02.073;70;0;1;ul. św. Antoniego
2016-11-28 16:50:00.023;190;2;7;Nowy Targ
2016-11-28 16:50:01.717;790;0;0;Parking Hala Stulecia
2016-11-28 16:50:01.917;66;2;0;ul. św. Antoniego
2016-11-28 16:50:32.563;353;0;0;Renoma
2016-11-28 16:55:00.017;196;3;9;Nowy Targ
2016-11-28 16:55:01.373;790;0;0;Parking Hala Stulecia
2016-11-28 16:55:01.780;67;1;3;ul. św. Antoniego
2016-11-28 17:00:00.020;202;2;8;Nowy Targ
2016-11-28 17:00:01.663;66;1;1;ul. św. Antoniego
2016-11-28 17:00:02.183;791;0;1;Parking Hala Stulecia
2016-11-28 17:00:32.453;406;0;0;Renoma
2016-11-28 17:05:00.023;203;2;3;Nowy Targ
2016-11-28 17:05:01.603;66;2;2;ul. św. Antoniego
2016-11-28 17:05:02.060;791;0;0;Parking Hala Stulecia
2016-11-28 17:10:00.017;209;2;8;Nowy Targ
2016-11-28 17:10:01.470;72;0;6;ul. św. Antoniego
2016-11-28 17:10:01.883;791;0;0;Parking Hala Stulecia
2016-11-28 17:10:32.473;397;0;0;Renoma
2016-11-28 17:15:00.017;213;0;4;Nowy Targ
2016-11-28 17:15:01.313;75;2;5;ul. św. Antoniego
2016-11-28 17:15:01.667;791;0;0;Parking Hala Stulecia
2016-11-28 17:20:00.017;214;1;2;Nowy Targ
2016-11-28 17:20:01.153;77;1;4;ul. św. Antoniego
2016-11-28 17:20:02.387;791;0;0;Parking Hala Stulecia
2016-11-28 17:20:32.553;350;0;0;Renoma
2016-11-28 17:25:00.017;222;4;12;Nowy Targ
2016-11-28 17:25:01.947;81;1;3;ul. św. Antoniego
2016-11-28 17:25:02.167;791;0;0;Parking Hala Stulecia
2016-11-28 17:30:00.020;229;1;8;Nowy Targ
2016-11-28 17:30:01.767;83;1;3;ul. św. Antoniego
2016-11-28 17:30:02.127;791;0;0;Parking Hala Stulecia
2016-11-28 17:30:32.423;423;0;0;Renoma
2016-11-28 17:35:00.017;234;1;6;Nowy Targ
2016-11-28 17:35:01.570;791;0;0;Parking Hala Stulecia
2016-11-28 17:35:01.590;85;0;2;ul. św. Antoniego
2016-11-28 17:40:00.017;241;0;7;Nowy Targ
2016-11-28 17:40:01.260;791;0;0;Parking Hala Stulecia
2016-11-28 17:40:01.577;89;1;3;ul. św. Antoniego
2016-11-28 17:40:32.403;404;0;0;Renoma
2016-11-28 17:45:00.017;241;4;4;Nowy Targ
2016-11-28 17:45:01.457;88;1;1;ul. św. Antoniego
2016-11-28 17:45:01.953;791;0;0;Parking Hala Stulecia
2016-11-28 17:50:00.017;243;4;6;Nowy Targ
2016-11-28 17:50:01.367;87;1;1;ul. św. Antoniego
2016-11-28 17:50:01.797;791;0;0;Parking Hala Stulecia
2016-11-28 17:50:32.550;351;0;0;Renoma
2016-11-28 17:55:00.017;251;1;9;Nowy Targ
2016-11-28 17:55:01.533;791;0;0;Parking Hala Stulecia
2016-11-28 17:55:02.113;93;0;4;ul. św. Antoniego
2016-11-28 18:00:00.017;255;1;5;Nowy Targ
2016-11-28 18:00:01.337;791;0;0;Parking Hala Stulecia
2016-11-28 18:00:01.963;95;2;4;ul. św. Antoniego
2016-11-28 18:00:32.537;415;0;0;Renoma
2016-11-28 18:05:00.017;256;0;1;Nowy Targ
2016-11-28 18:05:01.793;98;0;2;ul. św. Antoniego
2016-11-28 18:05:01.987;791;0;0;Parking Hala Stulecia
2016-11-28 18:10:00.020;257;0;1;Nowy Targ
2016-11-28 18:10:01.657;791;0;0;Parking Hala Stulecia
2016-11-28 18:10:01.897;98;1;1;ul. św. Antoniego
2016-11-28 18:10:32.460;373;0;0;Renoma
2016-11-28 18:15:00.013;259;1;3;Nowy Targ
2016-11-28 18:15:01.367;791;0;0;Parking Hala Stulecia
2016-11-28 18:15:01.757;96;1;0;ul. św. Antoniego
2016-11-28 18:20:00.020;261;2;4;Nowy Targ
2016-11-28 18:20:01.733;101;0;3;ul. św. Antoniego
2016-11-28 18:20:02.103;791;0;0;Parking Hala Stulecia
2016-11-28 18:20:32.513;378;0;0;Renoma
2016-11-28 18:25:00.023;263;1;3;Nowy Targ
2016-11-28 18:25:01.527;100;2;1;ul. św. Antoniego
2016-11-28 18:25:01.907;791;0;0;Parking Hala Stulecia
2016-11-28 18:30:00.027;263;2;2;Nowy Targ
2016-11-28 18:30:01.387;100;0;0;ul. św. Antoniego
2016-11-28 18:30:01.823;791;0;0;Parking Hala Stulecia
2016-11-28 18:30:32.553;383;0;0;Renoma
2016-11-28 18:35:00.017;263;0;0;Nowy Targ
2016-11-28 18:35:01.320;102;0;1;ul. św. Antoniego
2016-11-28 18:35:01.737;791;0;0;Parking Hala Stulecia
2016-11-28 18:40:00.017;264;1;2;Nowy Targ
2016-11-28 18:40:01.537;791;0;0;Parking Hala Stulecia
2016-11-28 18:40:02.130;102;0;0;ul. św. Antoniego
2016-11-28 18:40:32.427;395;0;0;Renoma
2016-11-28 18:45:00.013;265;1;2;Nowy Targ
2016-11-28 18:45:01.247;791;0;0;Parking Hala Stulecia
2016-11-28 18:45:02.043;100;2;2;ul. św. Antoniego
2016-11-28 18:50:00.023;266;0;1;Nowy Targ
2016-11-28 18:50:01.950;102;1;2;ul. św. Antoniego
2016-11-28 18:50:01.990;791;0;0;Parking Hala Stulecia
2016-11-28 18:50:32.467;425;0;0;Renoma
2016-11-28 18:55:00.017;268;0;2;Nowy Targ
2016-11-28 18:55:01.777;791;0;0;Parking Hala Stulecia
2016-11-28 18:55:01.997;102;0;0;ul. św. Antoniego
2016-11-28 19:00:00.020;269;1;2;Nowy Targ
2016-11-28 19:00:01.417;791;0;0;Parking Hala Stulecia
2016-11-28 19:00:01.820;103;0;1;ul. św. Antoniego
2016-11-28 19:00:32.557;465;0;0;Renoma
2016-11-28 19:05:00.017;270;2;3;Nowy Targ
2016-11-28 19:05:01.607;104;1;2;ul. św. Antoniego
2016-11-28 19:05:02.157;791;0;0;Parking Hala Stulecia
2016-11-28 19:10:00.023;270;1;1;Nowy Targ
2016-11-28 19:10:01.500;100;3;1;ul. św. Antoniego
2016-11-28 19:10:01.700;791;0;0;Parking Hala Stulecia
2016-11-28 19:10:32.473;450;0;0;Renoma
2016-11-28 19:15:00.020;271;2;3;Nowy Targ
2016-11-28 19:15:01.247;97;2;1;ul. św. Antoniego
2016-11-28 19:15:01.523;791;0;0;Parking Hala Stulecia
2016-11-28 19:20:00.020;274;0;3;Nowy Targ
2016-11-28 19:20:01.367;791;0;0;Parking Hala Stulecia
2016-11-28 19:20:02.097;93;2;0;ul. św. Antoniego
2016-11-28 19:20:20.800;390;0;0;Renoma
2016-11-28 19:25:00.013;276;1;3;Nowy Targ
2016-11-28 19:25:01.933;90;3;2;ul. św. Antoniego
2016-11-28 19:25:02.063;791;0;0;Parking Hala Stulecia
2016-11-28 19:30:00.017;277;4;5;Nowy Targ
2016-11-28 19:30:01.787;791;0;0;Parking Hala Stulecia
2016-11-28 19:30:02.050;88;1;0;ul. św. Antoniego
2016-11-28 19:30:20.747;428;0;0;Renoma
